respondent_id,scenario_id,question,option_index,weight
h01,scope_2,judgment,0,0.1911
h01,scope_2,judgment,1,0.1911
h01,scope_2,judgment,2,0.3089
h01,scope_2,judgment,3,0.3089
h01,scope_2,reasoning,0,0.2611
h01,scope_2,reasoning,1,0.2667
h01,scope_2,reasoning,2,0.4722
h01,scope_2,reasoning,3,0.0
h01,mac_3,judgment,0,0.2165
h01,mac_3,judgment,1,0.5052
h01,mac_3,judgment,2,0.2784
h01,mac_3,judgment,3,0.0
h01,mac_3,reasoning,0,0.2599
h01,mac_3,reasoning,1,0.2712
h01,mac_3,reasoning,2,0.4689
h01,mac_3,reasoning,3,0.0
h01,domain_2,judgment,0,0.0
h01,domain_2,judgment,1,0.3259
h01,domain_2,judgment,2,0.3259
h01,domain_2,judgment,3,0.3481
h01,domain_2,reasoning,0,0.2137
h01,domain_2,reasoning,1,0.4032
h01,domain_2,reasoning,2,0.3831
h01,domain_2,reasoning,3,0.0
h01,auth_1,judgment,0,0.2284
h01,auth_1,judgment,1,0.1246
h01,auth_1,judgment,2,0.3183
h01,auth_1,judgment,3,0.3287
h01,auth_1,reasoning,0,0.3463
h01,auth_1,reasoning,1,0.1712
h01,auth_1,reasoning,2,0.3696
h01,auth_1,reasoning,3,0.1128
h01,auth_1,reasoning,4,0.0
h01,domain_1,judgment,0,0.0316
h01,domain_1,judgment,1,0.4421
h01,domain_1,judgment,2,0.5263
h01,domain_1,judgment,3,0.0
h01,domain_1,reasoning,0,0.0833
h01,domain_1,reasoning,1,0.4271
h01,domain_1,reasoning,2,0.4896
h01,domain_1,reasoning,3,0.0
h01,mac_1,judgment,0,0.0457
h01,mac_1,judgment,1,0.1461
h01,mac_1,judgment,2,0.4064
h01,mac_1,judgment,3,0.4018
h01,mac_1,reasoning,0,0.244
h01,mac_1,reasoning,1,0.2411
h01,mac_1,reasoning,2,0.2976
h01,mac_1,reasoning,3,0.2173
h01,scope_3,judgment,0,0.0
h01,scope_3,judgment,1,0.5
h01,scope_3,judgment,2,0.5
h01,scope_3,judgment,3,0.0
h01,scope_3,reasoning,0,0.0
h01,scope_3,reasoning,1,0.5
h01,scope_3,reasoning,2,0.5
h01,scope_3,reasoning,3,0.0
h01,auth_2,judgment,0,0.0
h01,auth_2,judgment,1,0.0
h01,auth_2,judgment,2,0.4459
h01,auth_2,judgment,3,0.5541
h01,auth_2,reasoning,0,0.432
h01,auth_2,reasoning,1,0.0534
h01,auth_2,reasoning,2,0.4612
h01,auth_2,reasoning,3,0.0534
h01,auth_2,reasoning,4,0.0
h01,auth_3,judgment,0,0.1005
h01,auth_3,judgment,1,0.4545
h01,auth_3,judgment,2,0.445
h01,auth_3,judgment,3,0.0
h01,auth_3,reasoning,0,0.1484
h01,auth_3,reasoning,1,0.6065
h01,auth_3,reasoning,2,0.2452
h01,auth_3,reasoning,3,0.0
h01,scope_1,judgment,0,0.0
h01,scope_1,judgment,1,0.6738
h01,scope_1,judgment,2,0.3262
h01,scope_1,judgment,3,0.0
h01,scope_1,reasoning,0,0.0396
h01,scope_1,reasoning,1,0.4802
h01,scope_1,reasoning,2,0.0297
h01,scope_1,reasoning,3,0.4505
h01,scope_1,reasoning,4,0.0
h01,mac_2,judgment,0,0.0498
h01,mac_2,judgment,1,0.4428
h01,mac_2,judgment,2,0.0348
h01,mac_2,judgment,3,0.4726
h01,mac_2,reasoning,0,0.1256
h01,mac_2,reasoning,1,0.2174
h01,mac_2,reasoning,2,0.2029
h01,mac_2,reasoning,3,0.4541
h01,domain_3,judgment,0,0.08
h01,domain_3,judgment,1,0.3067
h01,domain_3,judgment,2,0.6133
h01,domain_3,judgment,3,0.0
h01,domain_3,reasoning,0,0.3566
h01,domain_3,reasoning,1,0.0
h01,domain_3,reasoning,2,0.6434
h01,domain_3,reasoning,3,0.0
h02,scope_3,judgment,0,1.0
h02,scope_3,judgment,1,0.0
h02,scope_3,judgment,2,0.0
h02,scope_3,judgment,3,0.0
h02,scope_3,reasoning,0,0.0
h02,scope_3,reasoning,1,1.0
h02,scope_3,reasoning,2,0.0
h02,scope_3,reasoning,3,0.0
h02,domain_1,judgment,0,1.0
h02,domain_1,judgment,1,0.0
h02,domain_1,judgment,2,0.0
h02,domain_1,judgment,3,0.0
h02,domain_1,reasoning,0,0.0
h02,domain_1,reasoning,1,1.0
h02,domain_1,reasoning,2,0.0
h02,domain_1,reasoning,3,0.0
h02,auth_2,judgment,0,1.0
h02,auth_2,judgment,1,0.0
h02,auth_2,judgment,2,0.0
h02,auth_2,judgment,3,0.0
h02,auth_2,reasoning,0,0.0
h02,auth_2,reasoning,1,1.0
h02,auth_2,reasoning,2,0.0
h02,auth_2,reasoning,3,0.0
h02,auth_2,reasoning,4,0.0
h02,mac_1,judgment,0,1.0
h02,mac_1,judgment,1,0.0
h02,mac_1,judgment,2,0.0
h02,mac_1,judgment,3,0.0
h02,mac_1,reasoning,0,0.0
h02,mac_1,reasoning,1,1.0
h02,mac_1,reasoning,2,0.0
h02,mac_1,reasoning,3,0.0
h02,auth_1,judgment,0,1.0
h02,auth_1,judgment,1,0.0
h02,auth_1,judgment,2,0.0
h02,auth_1,judgment,3,0.0
h02,auth_1,reasoning,0,0.0
h02,auth_1,reasoning,1,1.0
h02,auth_1,reasoning,2,0.0
h02,auth_1,reasoning,3,0.0
h02,auth_1,reasoning,4,0.0
h02,domain_2,judgment,0,1.0
h02,domain_2,judgment,1,0.0
h02,domain_2,judgment,2,0.0
h02,domain_2,judgment,3,0.0
h02,domain_2,reasoning,0,0.0
h02,domain_2,reasoning,1,1.0
h02,domain_2,reasoning,2,0.0
h02,domain_2,reasoning,3,0.0
h02,scope_1,judgment,0,1.0
h02,scope_1,judgment,1,0.0
h02,scope_1,judgment,2,0.0
h02,scope_1,judgment,3,0.0
h02,scope_1,reasoning,0,0.0
h02,scope_1,reasoning,1,1.0
h02,scope_1,reasoning,2,0.0
h02,scope_1,reasoning,3,0.0
h02,scope_1,reasoning,4,0.0
h02,mac_2,judgment,0,1.0
h02,mac_2,judgment,1,0.0
h02,mac_2,judgment,2,0.0
h02,mac_2,judgment,3,0.0
h02,mac_2,reasoning,0,0.0
h02,mac_2,reasoning,1,1.0
h02,mac_2,reasoning,2,0.0
h02,mac_2,reasoning,3,0.0
h02,scope_2,judgment,0,1.0
h02,scope_2,judgment,1,0.0
h02,scope_2,judgment,2,0.0
h02,scope_2,judgment,3,0.0
h02,scope_2,reasoning,0,0.0
h02,scope_2,reasoning,1,1.0
h02,scope_2,reasoning,2,0.0
h02,scope_2,reasoning,3,0.0
h02,auth_3,judgment,0,1.0
h02,auth_3,judgment,1,0.0
h02,auth_3,judgment,2,0.0
h02,auth_3,judgment,3,0.0
h02,auth_3,reasoning,0,0.0
h02,auth_3,reasoning,1,1.0
h02,auth_3,reasoning,2,0.0
h02,auth_3,reasoning,3,0.0
h02,domain_3,judgment,0,1.0
h02,domain_3,judgment,1,0.0
h02,domain_3,judgment,2,0.0
h02,domain_3,judgment,3,0.0
h02,domain_3,reasoning,0,0.0
h02,domain_3,reasoning,1,1.0
h02,domain_3,reasoning,2,0.0
h02,domain_3,reasoning,3,0.0
h02,mac_3,judgment,0,1.0
h02,mac_3,judgment,1,0.0
h02,mac_3,judgment,2,0.0
h02,mac_3,judgment,3,0.0
h02,mac_3,reasoning,0,0.0
h02,mac_3,reasoning,1,1.0
h02,mac_3,reasoning,2,0.0
h02,mac_3,reasoning,3,0.0
h03,scope_2,judgment,0,1.0
h03,scope_2,judgment,1,0.0
h03,scope_2,judgment,2,0.0
h03,scope_2,judgment,3,0.0
h03,scope_2,reasoning,0,1.0
h03,scope_2,reasoning,1,0.0
h03,scope_2,reasoning,2,0.0
h03,scope_2,reasoning,3,0.0
h03,domain_3,judgment,0,1.0
h03,domain_3,judgment,1,0.0
h03,domain_3,judgment,2,0.0
h03,domain_3,judgment,3,0.0
h03,domain_3,reasoning,0,1.0
h03,domain_3,reasoning,1,0.0
h03,domain_3,reasoning,2,0.0
h03,domain_3,reasoning,3,0.0
h03,mac_3,judgment,0,1.0
h03,mac_3,judgment,1,0.0
h03,mac_3,judgment,2,0.0
h03,mac_3,judgment,3,0.0
h03,mac_3,reasoning,0,1.0
h03,mac_3,reasoning,1,0.0
h03,mac_3,reasoning,2,0.0
h03,mac_3,reasoning,3,0.0
h03,auth_3,judgment,0,1.0
h03,auth_3,judgment,1,0.0
h03,auth_3,judgment,2,0.0
h03,auth_3,judgment,3,0.0
h03,auth_3,reasoning,0,1.0
h03,auth_3,reasoning,1,0.0
h03,auth_3,reasoning,2,0.0
h03,auth_3,reasoning,3,0.0
h03,domain_1,judgment,0,1.0
h03,domain_1,judgment,1,0.0
h03,domain_1,judgment,2,0.0
h03,domain_1,judgment,3,0.0
h03,domain_1,reasoning,0,1.0
h03,domain_1,reasoning,1,0.0
h03,domain_1,reasoning,2,0.0
h03,domain_1,reasoning,3,0.0
h03,mac_1,judgment,0,0.0
h03,mac_1,judgment,1,1.0
h03,mac_1,judgment,2,0.0
h03,mac_1,judgment,3,0.0
h03,mac_1,reasoning,0,0.0
h03,mac_1,reasoning,1,1.0
h03,mac_1,reasoning,2,0.0
h03,mac_1,reasoning,3,0.0
h03,auth_1,judgment,0,0.0
h03,auth_1,judgment,1,0.0
h03,auth_1,judgment,2,1.0
h03,auth_1,judgment,3,0.0
h03,auth_1,reasoning,0,0.0
h03,auth_1,reasoning,1,1.0
h03,auth_1,reasoning,2,0.0
h03,auth_1,reasoning,3,0.0
h03,auth_1,reasoning,4,0.0
h03,scope_1,judgment,0,1.0
h03,scope_1,judgment,1,0.0
h03,scope_1,judgment,2,0.0
h03,scope_1,judgment,3,0.0
h03,scope_1,reasoning,0,0.0
h03,scope_1,reasoning,1,0.0
h03,scope_1,reasoning,2,1.0
h03,scope_1,reasoning,3,0.0
h03,scope_1,reasoning,4,0.0
h03,mac_2,judgment,0,0.0
h03,mac_2,judgment,1,1.0
h03,mac_2,judgment,2,0.0
h03,mac_2,judgment,3,0.0
h03,mac_2,reasoning,0,0.0
h03,mac_2,reasoning,1,0.0
h03,mac_2,reasoning,2,1.0
h03,mac_2,reasoning,3,0.0
h03,auth_2,judgment,0,0.0
h03,auth_2,judgment,1,0.0
h03,auth_2,judgment,2,1.0
h03,auth_2,judgment,3,0.0
h03,auth_2,reasoning,0,0.0
h03,auth_2,reasoning,1,1.0
h03,auth_2,reasoning,2,0.0
h03,auth_2,reasoning,3,0.0
h03,auth_2,reasoning,4,0.0
h03,scope_3,judgment,0,1.0
h03,scope_3,judgment,1,0.0
h03,scope_3,judgment,2,0.0
h03,scope_3,judgment,3,0.0
h03,scope_3,reasoning,0,0.0
h03,scope_3,reasoning,1,1.0
h03,scope_3,reasoning,2,0.0
h03,scope_3,reasoning,3,0.0
h03,domain_2,judgment,0,0.0
h03,domain_2,judgment,1,1.0
h03,domain_2,judgment,2,0.0
h03,domain_2,judgment,3,0.0
h03,domain_2,reasoning,0,1.0
h03,domain_2,reasoning,1,0.0
h03,domain_2,reasoning,2,0.0
h03,domain_2,reasoning,3,0.0
h04,domain_2,judgment,0,0.4016
h04,domain_2,judgment,1,0.1969
h04,domain_2,judgment,2,0.4016
h04,domain_2,judgment,3,0.0
h04,domain_2,reasoning,0,0.3333
h04,domain_2,reasoning,1,0.3374
h04,domain_2,reasoning,2,0.3293
h04,domain_2,reasoning,3,0.0
h04,scope_3,judgment,0,0.0
h04,scope_3,judgment,1,0.5
h04,scope_3,judgment,2,0.5
h04,scope_3,judgment,3,0.0
h04,scope_3,reasoning,0,0.0
h04,scope_3,reasoning,1,0.4904
h04,scope_3,reasoning,2,0.5096
h04,scope_3,reasoning,3,0.0
h04,auth_3,judgment,0,0.2865
h04,auth_3,judgment,1,0.2865
h04,auth_3,judgment,2,0.4269
h04,auth_3,judgment,3,0.0
h04,auth_3,reasoning,0,0.3333
h04,auth_3,reasoning,1,0.5238
h04,auth_3,reasoning,2,0.1429
h04,auth_3,reasoning,3,0.0
h04,mac_1,judgment,0,0.5
h04,mac_1,judgment,1,0.5
h04,mac_1,judgment,2,0.0
h04,mac_1,judgment,3,0.0
h04,mac_1,reasoning,0,0.5
h04,mac_1,reasoning,1,0.24
h04,mac_1,reasoning,2,0.26
h04,mac_1,reasoning,3,0.0
h04,auth_1,judgment,0,0.2767
h04,auth_1,judgment,1,0.1572
h04,auth_1,judgment,2,0.566
h04,auth_1,judgment,3,0.0
h04,auth_1,reasoning,0,0.2417
h04,auth_1,reasoning,1,0.2464
h04,auth_1,reasoning,2,0.4408
h04,auth_1,reasoning,3,0.0711
h04,auth_1,reasoning,4,0.0
h04,domain_1,judgment,0,0.0
h04,domain_1,judgment,1,0.4972
h04,domain_1,judgment,2,0.5028
h04,domain_1,judgment,3,0.0
h04,domain_1,reasoning,0,0.0
h04,domain_1,reasoning,1,0.4971
h04,domain_1,reasoning,2,0.5029
h04,domain_1,reasoning,3,0.0
h04,mac_3,judgment,0,0.0
h04,mac_3,judgment,1,0.5
h04,mac_3,judgment,2,0.5
h04,mac_3,judgment,3,0.0
h04,mac_3,reasoning,0,0.0863
h04,mac_3,reasoning,1,0.4061
h04,mac_3,reasoning,2,0.5076
h04,mac_3,reasoning,3,0.0
h04,scope_1,judgment,0,0.0
h04,scope_1,judgment,1,0.5
h04,scope_1,judgment,2,0.5
h04,scope_1,judgment,3,0.0
h04,scope_1,reasoning,0,0.0591
h04,scope_1,reasoning,1,0.2409
h04,scope_1,reasoning,2,0.2455
h04,scope_1,reasoning,3,0.4545
h04,scope_1,reasoning,4,0.0
h04,mac_2,judgment,0,0.2636
h04,mac_2,judgment,1,0.4636
h04,mac_2,judgment,2,0.2727
h04,mac_2,judgment,3,0.0
h04,mac_2,reasoning,0,0.3268
h04,mac_2,reasoning,1,0.3333
h04,mac_2,reasoning,2,0.3399
h04,mac_2,reasoning,3,0.0
h04,auth_2,judgment,0,0.0
h04,auth_2,judgment,1,0.3603
h04,auth_2,judgment,2,0.6397
h04,auth_2,judgment,3,0.0
h04,auth_2,reasoning,0,0.0
h04,auth_2,reasoning,1,0.48
h04,auth_2,reasoning,2,0.0
h04,auth_2,reasoning,3,0.52
h04,auth_2,reasoning,4,0.0
h04,domain_3,judgment,0,0.0643
h04,domain_3,judgment,1,0.4643
h04,domain_3,judgment,2,0.4714
h04,domain_3,judgment,3,0.0
h04,domain_3,reasoning,0,0.3294
h04,domain_3,reasoning,1,0.3353
h04,domain_3,reasoning,2,0.3353
h04,domain_3,reasoning,3,0.0
h04,scope_2,judgment,0,0.1043
h04,scope_2,judgment,1,0.4435
h04,scope_2,judgment,2,0.4522
h04,scope_2,judgment,3,0.0
h04,scope_2,reasoning,0,0.2987
h04,scope_2,reasoning,1,0.1623
h04,scope_2,reasoning,2,0.539
h04,scope_2,reasoning,3,0.0
h05,auth_3,judgment,0,0.3817
h05,auth_3,judgment,1,0.2366
h05,auth_3,judgment,2,0.3817
h05,auth_3,judgment,3,0.0
h05,auth_3,reasoning,0,0.3299
h05,auth_3,reasoning,1,0.3299
h05,auth_3,reasoning,2,0.3401
h05,auth_3,reasoning,3,0.0
h05,domain_1,judgment,0,0.0
h05,domain_1,judgment,1,0.4819
h05,domain_1,judgment,2,0.5181
h05,domain_1,judgment,3,0.0
h05,domain_1,reasoning,0,0.0603
h05,domain_1,reasoning,1,0.4372
h05,domain_1,reasoning,2,0.5025
h05,domain_1,reasoning,3,0.0
h05,mac_1,judgment,0,0.0625
h05,mac_1,judgment,1,0.4688
h05,mac_1,judgment,2,0.4688
h05,mac_1,judgment,3,0.0
h05,mac_1,reasoning,0,0.0
h05,mac_1,reasoning,1,0.0
h05,mac_1,reasoning,2,0.0
h05,mac_1,reasoning,3,1.0
h05,scope_3,judgment,0,0.0643
h05,scope_3,judgment,1,0.3509
h05,scope_3,judgment,2,0.5848
h05,scope_3,judgment,3,0.0
h05,scope_3,reasoning,0,0.0
h05,scope_3,reasoning,1,0.4737
h05,scope_3,reasoning,2,0.5263
h05,scope_3,reasoning,3,0.0
h05,auth_1,judgment,0,0.4226
h05,auth_1,judgment,1,0.0417
h05,auth_1,judgment,2,0.5357
h05,auth_1,judgment,3,0.0
h05,auth_1,reasoning,0,0.431
h05,auth_1,reasoning,1,0.0991
h05,auth_1,reasoning,2,0.431
h05,auth_1,reasoning,3,0.0388
h05,auth_1,reasoning,4,0.0
h05,domain_2,judgment,0,0.0
h05,domain_2,judgment,1,0.5
h05,domain_2,judgment,2,0.5
h05,domain_2,judgment,3,0.0
h05,domain_2,reasoning,0,0.0533
h05,domain_2,reasoning,1,0.6667
h05,domain_2,reasoning,2,0.28
h05,domain_2,reasoning,3,0.0
h05,scope_1,judgment,0,0.0
h05,scope_1,judgment,1,0.5
h05,scope_1,judgment,2,0.5
h05,scope_1,judgment,3,0.0
h05,scope_1,reasoning,0,0.0
h05,scope_1,reasoning,1,0.3805
h05,scope_1,reasoning,2,0.4878
h05,scope_1,reasoning,3,0.1317
h05,scope_1,reasoning,4,0.0
h05,mac_3,judgment,0,0.0
h05,mac_3,judgment,1,0.9346
h05,mac_3,judgment,2,0.0654
h05,mac_3,judgment,3,0.0
h05,mac_3,reasoning,0,0.0
h05,mac_3,reasoning,1,0.8396
h05,mac_3,reasoning,2,0.1604
h05,mac_3,reasoning,3,0.0
h05,scope_2,judgment,0,0.0885
h05,scope_2,judgment,1,0.885
h05,scope_2,judgment,2,0.0265
h05,scope_2,judgment,3,0.0
h05,scope_2,reasoning,0,0.262
h05,scope_2,reasoning,1,0.369
h05,scope_2,reasoning,2,0.369
h05,scope_2,reasoning,3,0.0
h05,mac_2,judgment,0,0.0244
h05,mac_2,judgment,1,0.4878
h05,mac_2,judgment,2,0.4878
h05,mac_2,judgment,3,0.0
h05,mac_2,reasoning,0,0.2806
h05,mac_2,reasoning,1,0.3597
h05,mac_2,reasoning,2,0.3597
h05,mac_2,reasoning,3,0.0
h05,auth_2,judgment,0,0.1442
h05,auth_2,judgment,1,0.375
h05,auth_2,judgment,2,0.4808
h05,auth_2,judgment,3,0.0
h05,auth_2,reasoning,0,0.0659
h05,auth_2,reasoning,1,0.3333
h05,auth_2,reasoning,2,0.3663
h05,auth_2,reasoning,3,0.2344
h05,auth_2,reasoning,4,0.0
h05,domain_3,judgment,0,0.0
h05,domain_3,judgment,1,0.5
h05,domain_3,judgment,2,0.5
h05,domain_3,judgment,3,0.0
h05,domain_3,reasoning,0,0.0
h05,domain_3,reasoning,1,0.4792
h05,domain_3,reasoning,2,0.5208
h05,domain_3,reasoning,3,0.0
h06,auth_2,judgment,0,0.9259
h06,auth_2,judgment,1,0.0
h06,auth_2,judgment,2,0.0741
h06,auth_2,judgment,3,0.0
h06,auth_2,reasoning,0,0.9091
h06,auth_2,reasoning,1,0.0909
h06,auth_2,reasoning,2,0.0
h06,auth_2,reasoning,3,0.0
h06,auth_2,reasoning,4,0.0
h06,scope_2,judgment,0,0.188
h06,scope_2,judgment,1,0.0602
h06,scope_2,judgment,2,0.7519
h06,scope_2,judgment,3,0.0
h06,scope_2,reasoning,0,0.1522
h06,scope_2,reasoning,1,0.1522
h06,scope_2,reasoning,2,0.6957
h06,scope_2,reasoning,3,0.0
h06,domain_3,judgment,0,0.1413
h06,domain_3,judgment,1,0.3152
h06,domain_3,judgment,2,0.5435
h06,domain_3,judgment,3,0.0
h06,domain_3,reasoning,0,0.1357
h06,domain_3,reasoning,1,0.15
h06,domain_3,reasoning,2,0.7143
h06,domain_3,reasoning,3,0.0
h06,mac_1,judgment,0,0.0
h06,mac_1,judgment,1,0.5
h06,mac_1,judgment,2,0.5
h06,mac_1,judgment,3,0.0
h06,mac_1,reasoning,0,0.0
h06,mac_1,reasoning,1,0.2897
h06,mac_1,reasoning,2,0.0
h06,mac_1,reasoning,3,0.7103
h06,auth_3,judgment,0,0.3717
h06,auth_3,judgment,1,0.2639
h06,auth_3,judgment,2,0.3643
h06,auth_3,judgment,3,0.0
h06,auth_3,reasoning,0,0.5988
h06,auth_3,reasoning,1,0.2754
h06,auth_3,reasoning,2,0.1257
h06,auth_3,reasoning,3,0.0
h06,domain_1,judgment,0,0.0099
h06,domain_1,judgment,1,0.495
h06,domain_1,judgment,2,0.495
h06,domain_1,judgment,3,0.0
h06,domain_1,reasoning,0,0.0868
h06,domain_1,reasoning,1,0.4566
h06,domain_1,reasoning,2,0.4566
h06,domain_1,reasoning,3,0.0
h06,scope_3,judgment,0,0.2253
h06,scope_3,judgment,1,0.2253
h06,scope_3,judgment,2,0.5495
h06,scope_3,judgment,3,0.0
h06,scope_3,reasoning,0,0.0541
h06,scope_3,reasoning,1,0.0
h06,scope_3,reasoning,2,0.9459
h06,scope_3,reasoning,3,0.0
h06,mac_2,judgment,0,0.0
h06,mac_2,judgment,1,0.3377
h06,mac_2,judgment,2,0.6623
h06,mac_2,judgment,3,0.0
h06,mac_2,reasoning,0,0.0643
h06,mac_2,reasoning,1,0.3509
h06,mac_2,reasoning,2,0.5848
h06,mac_2,reasoning,3,0.0
h06,domain_2,judgment,0,0.0
h06,domain_2,judgment,1,0.5
h06,domain_2,judgment,2,0.5
h06,domain_2,judgment,3,0.0
h06,domain_2,reasoning,0,0.1974
h06,domain_2,reasoning,1,0.3734
h06,domain_2,reasoning,2,0.4292
h06,domain_2,reasoning,3,0.0
h06,mac_3,judgment,0,0.1462
h06,mac_3,judgment,1,0.4462
h06,mac_3,judgment,2,0.4077
h06,mac_3,judgment,3,0.0
h06,mac_3,reasoning,0,0.0493
h06,mac_3,reasoning,1,0.4926
h06,mac_3,reasoning,2,0.4581
h06,mac_3,reasoning,3,0.0
h06,scope_1,judgment,0,0.0207
h06,scope_1,judgment,1,0.5181
h06,scope_1,judgment,2,0.4611
h06,scope_1,judgment,3,0.0
h06,scope_1,reasoning,0,0.061
h06,scope_1,reasoning,1,0.2744
h06,scope_1,reasoning,2,0.1707
h06,scope_1,reasoning,3,0.4939
h06,scope_1,reasoning,4,0.0
h06,auth_1,judgment,0,0.398
h06,auth_1,judgment,1,0.1429
h06,auth_1,judgment,2,0.4592
h06,auth_1,judgment,3,0.0
h06,auth_1,reasoning,0,0.5714
h06,auth_1,reasoning,1,0.0457
h06,auth_1,reasoning,2,0.3829
h06,auth_1,reasoning,3,0.0
h06,auth_1,reasoning,4,0.0
h07,scope_3,judgment,0,0.0
h07,scope_3,judgment,1,0.8125
h07,scope_3,judgment,2,0.1875
h07,scope_3,judgment,3,0.0
h07,scope_3,reasoning,0,0.0
h07,scope_3,reasoning,1,0.8444
h07,scope_3,reasoning,2,0.1556
h07,scope_3,reasoning,3,0.0
h07,mac_2,judgment,0,0.0
h07,mac_2,judgment,1,0.0
h07,mac_2,judgment,2,1.0
h07,mac_2,judgment,3,0.0
h07,mac_2,reasoning,0,0.0
h07,mac_2,reasoning,1,0.3115
h07,mac_2,reasoning,2,0.6885
h07,mac_2,reasoning,3,0.0
h07,auth_1,judgment,0,0.0
h07,auth_1,judgment,1,0.0
h07,auth_1,judgment,2,1.0
h07,auth_1,judgment,3,0.0
h07,auth_1,reasoning,0,0.4
h07,auth_1,reasoning,1,0.0
h07,auth_1,reasoning,2,0.6
h07,auth_1,reasoning,3,0.0
h07,auth_1,reasoning,4,0.0
h07,domain_1,judgment,0,0.0
h07,domain_1,judgment,1,0.5
h07,domain_1,judgment,2,0.5
h07,domain_1,judgment,3,0.0
h07,domain_1,reasoning,0,0.0
h07,domain_1,reasoning,1,0.5988
h07,domain_1,reasoning,2,0.4012
h07,domain_1,reasoning,3,0.0
h08,auth_2,judgment,0,0.2571
h08,auth_2,judgment,1,0.0
h08,auth_2,judgment,2,0.7429
h08,auth_2,judgment,3,0.0
h08,auth_2,reasoning,0,0.3797
h08,auth_2,reasoning,1,0.1765
h08,auth_2,reasoning,2,0.4439
h08,auth_2,reasoning,3,0.0
h08,auth_2,reasoning,4,0.0
h08,mac_1,judgment,0,0.6383
h08,mac_1,judgment,1,0.3617
h08,mac_1,judgment,2,0.0
h08,mac_1,judgment,3,0.0
h08,mac_1,reasoning,0,0.1307
h08,mac_1,reasoning,1,0.4314
h08,mac_1,reasoning,2,0.4379
h08,mac_1,reasoning,3,0.0
h08,scope_3,judgment,0,0.0
h08,scope_3,judgment,1,0.5137
h08,scope_3,judgment,2,0.4863
h08,scope_3,judgment,3,0.0
h08,scope_3,reasoning,0,0.0417
h08,scope_3,reasoning,1,0.1146
h08,scope_3,reasoning,2,0.8438
h08,scope_3,reasoning,3,0.0
h08,domain_3,judgment,0,0.0
h08,domain_3,judgment,1,0.5663
h08,domain_3,judgment,2,0.4337
h08,domain_3,judgment,3,0.0
h08,domain_3,reasoning,0,0.1441
h08,domain_3,reasoning,1,0.3964
h08,domain_3,reasoning,2,0.4595
h08,domain_3,reasoning,3,0.0
h08,domain_2,judgment,0,0.5085
h08,domain_2,judgment,1,0.1271
h08,domain_2,judgment,2,0.3644
h08,domain_2,judgment,3,0.0
h08,domain_2,reasoning,0,0.2687
h08,domain_2,reasoning,1,0.3234
h08,domain_2,reasoning,2,0.408
h08,domain_2,reasoning,3,0.0
h08,mac_3,judgment,0,0.5068
h08,mac_3,judgment,1,0.2027
h08,mac_3,judgment,2,0.2905
h08,mac_3,judgment,3,0.0
h08,mac_3,reasoning,0,0.2384
h08,mac_3,reasoning,1,0.298
h08,mac_3,reasoning,2,0.4636
h08,mac_3,reasoning,3,0.0
h08,auth_1,judgment,0,0.2642
h08,auth_1,judgment,1,0.2547
h08,auth_1,judgment,2,0.4811
h08,auth_1,judgment,3,0.0
h08,auth_1,reasoning,0,0.375
h08,auth_1,reasoning,1,0.2115
h08,auth_1,reasoning,2,0.1923
h08,auth_1,reasoning,3,0.2212
h08,auth_1,reasoning,4,0.0
h08,scope_2,judgment,0,0.3143
h08,scope_2,judgment,1,0.3143
h08,scope_2,judgment,2,0.3714
h08,scope_2,judgment,3,0.0
h08,scope_2,reasoning,0,0.2417
h08,scope_2,reasoning,1,0.3839
h08,scope_2,reasoning,2,0.3744
h08,scope_2,reasoning,3,0.0
h08,domain_1,judgment,0,0.2263
h08,domain_1,judgment,1,0.2628
h08,domain_1,judgment,2,0.5109
h08,domain_1,judgment,3,0.0
h08,domain_1,reasoning,0,0.2919
h08,domain_1,reasoning,1,0.2919
h08,domain_1,reasoning,2,0.4162
h08,domain_1,reasoning,3,0.0
h08,auth_3,judgment,0,0.3158
h08,auth_3,judgment,1,0.3349
h08,auth_3,judgment,2,0.3493
h08,auth_3,judgment,3,0.0
h08,auth_3,reasoning,0,0.3785
h08,auth_3,reasoning,1,0.3505
h08,auth_3,reasoning,2,0.271
h08,auth_3,reasoning,3,0.0
h08,scope_1,judgment,0,0.214
h08,scope_1,judgment,1,0.4558
h08,scope_1,judgment,2,0.3302
h08,scope_1,judgment,3,0.0
h08,scope_1,reasoning,0,0.1518
h08,scope_1,reasoning,1,0.2685
h08,scope_1,reasoning,2,0.3113
h08,scope_1,reasoning,3,0.2685
h08,scope_1,reasoning,4,0.0
h08,mac_2,judgment,0,0.2617
h08,mac_2,judgment,1,0.3645
h08,mac_2,judgment,2,0.3738
h08,mac_2,judgment,3,0.0
h08,mac_2,reasoning,0,0.2381
h08,mac_2,reasoning,1,0.3651
h08,mac_2,reasoning,2,0.3968
h08,mac_2,reasoning,3,0.0
h09,mac_1,judgment,0,0.7273
h09,mac_1,judgment,1,0.2727
h09,mac_1,judgment,2,0.0
h09,mac_1,judgment,3,0.0
h09,mac_1,reasoning,0,0.6986
h09,mac_1,reasoning,1,0.3014
h09,mac_1,reasoning,2,0.0
h09,mac_1,reasoning,3,0.0
h09,domain_3,judgment,0,0.1694
h09,domain_3,judgment,1,0.4113
h09,domain_3,judgment,2,0.4194
h09,domain_3,judgment,3,0.0
h09,domain_3,reasoning,0,0.3193
h09,domain_3,reasoning,1,0.3373
h09,domain_3,reasoning,2,0.3434
h09,domain_3,reasoning,3,0.0
h09,scope_1,judgment,0,0.0
h09,scope_1,judgment,1,0.5
h09,scope_1,judgment,2,0.5
h09,scope_1,judgment,3,0.0
h09,scope_1,reasoning,0,0.0
h09,scope_1,reasoning,1,0.3281
h09,scope_1,reasoning,2,0.3333
h09,scope_1,reasoning,3,0.3385
h09,scope_1,reasoning,4,0.0
h09,auth_1,judgment,0,0.2744
h09,auth_1,judgment,1,0.1768
h09,auth_1,judgment,2,0.5488
h09,auth_1,judgment,3,0.0
h09,auth_1,reasoning,0,0.3419
h09,auth_1,reasoning,1,0.2051
h09,auth_1,reasoning,2,0.359
h09,auth_1,reasoning,3,0.094
h09,auth_1,reasoning,4,0.0
h10,mac_1,judgment,0,0.0
h10,mac_1,judgment,1,0.0
h10,mac_1,judgment,2,1.0
h10,mac_1,judgment,3,0.0
h10,mac_1,reasoning,0,0.0
h10,mac_1,reasoning,1,1.0
h10,mac_1,reasoning,2,0.0
h10,mac_1,reasoning,3,0.0
h10,auth_2,judgment,0,0.0
h10,auth_2,judgment,1,0.0
h10,auth_2,judgment,2,1.0
h10,auth_2,judgment,3,0.0
h10,auth_2,reasoning,0,0.0
h10,auth_2,reasoning,1,0.0
h10,auth_2,reasoning,2,1.0
h10,auth_2,reasoning,3,0.0
h10,auth_2,reasoning,4,0.0
h10,scope_1,judgment,0,0.0
h10,scope_1,judgment,1,1.0
h10,scope_1,judgment,2,0.0
h10,scope_1,judgment,3,0.0
h10,scope_1,reasoning,0,0.0
h10,scope_1,reasoning,1,0.0
h10,scope_1,reasoning,2,1.0
h10,scope_1,reasoning,3,0.0
h10,scope_1,reasoning,4,0.0
h10,domain_1,judgment,0,0.0
h10,domain_1,judgment,1,0.0
h10,domain_1,judgment,2,1.0
h10,domain_1,judgment,3,0.0
h10,domain_1,reasoning,0,0.0
h10,domain_1,reasoning,1,0.0
h10,domain_1,reasoning,2,1.0
h10,domain_1,reasoning,3,0.0
h11,scope_3,judgment,0,0.0
h11,scope_3,judgment,1,0.0
h11,scope_3,judgment,2,1.0
h11,scope_3,judgment,3,0.0
h11,scope_3,reasoning,0,0.0
h11,scope_3,reasoning,1,0.0
h11,scope_3,reasoning,2,1.0
h11,scope_3,reasoning,3,0.0
h11,mac_3,judgment,0,0.0
h11,mac_3,judgment,1,0.7661
h11,mac_3,judgment,2,0.2339
h11,mac_3,judgment,3,0.0
h11,mac_3,reasoning,0,0.1188
h11,mac_3,reasoning,1,0.5347
h11,mac_3,reasoning,2,0.3465
h11,mac_3,reasoning,3,0.0
h11,domain_3,judgment,0,0.2911
h11,domain_3,judgment,1,0.0
h11,domain_3,judgment,2,0.7089
h11,domain_3,judgment,3,0.0
h11,domain_3,reasoning,0,0.0
h11,domain_3,reasoning,1,0.0
h11,domain_3,reasoning,2,1.0
h11,domain_3,reasoning,3,0.0
h11,auth_1,judgment,0,0.0
h11,auth_1,judgment,1,0.0
h11,auth_1,judgment,2,1.0
h11,auth_1,judgment,3,0.0
h11,auth_1,reasoning,0,0.5813
h11,auth_1,reasoning,1,0.0
h11,auth_1,reasoning,2,0.4188
h11,auth_1,reasoning,3,0.0
h11,auth_1,reasoning,4,0.0
h11,auth_2,judgment,0,0.0
h11,auth_2,judgment,1,0.0
h11,auth_2,judgment,2,1.0
h11,auth_2,judgment,3,0.0
h11,auth_2,reasoning,0,0.0
h11,auth_2,reasoning,1,0.0
h11,auth_2,reasoning,2,1.0
h11,auth_2,reasoning,3,0.0
h11,auth_2,reasoning,4,0.0
h11,domain_1,judgment,0,0.0
h11,domain_1,judgment,1,0.0
h11,domain_1,judgment,2,1.0
h11,domain_1,judgment,3,0.0
h11,domain_1,reasoning,0,0.0
h11,domain_1,reasoning,1,0.0
h11,domain_1,reasoning,2,1.0
h11,domain_1,reasoning,3,0.0
h11,scope_2,judgment,0,0.3136
h11,scope_2,judgment,1,0.0
h11,scope_2,judgment,2,0.6864
h11,scope_2,judgment,3,0.0
h11,scope_2,reasoning,0,0.0
h11,scope_2,reasoning,1,0.0
h11,scope_2,reasoning,2,1.0
h11,scope_2,reasoning,3,0.0
h11,mac_2,judgment,0,0.0
h11,mac_2,judgment,1,0.0
h11,mac_2,judgment,2,1.0
h11,mac_2,judgment,3,0.0
h11,mac_2,reasoning,0,0.0
h11,mac_2,reasoning,1,0.4826
h11,mac_2,reasoning,2,0.5174
h11,mac_2,reasoning,3,0.0
h11,mac_1,judgment,0,0.0
h11,mac_1,judgment,1,0.0
h11,mac_1,judgment,2,1.0
h11,mac_1,judgment,3,0.0
h11,mac_1,reasoning,0,0.0
h11,mac_1,reasoning,1,1.0
h11,mac_1,reasoning,2,0.0
h11,mac_1,reasoning,3,0.0
h11,scope_1,judgment,0,0.0
h11,scope_1,judgment,1,1.0
h11,scope_1,judgment,2,0.0
h11,scope_1,judgment,3,0.0
h11,scope_1,reasoning,0,0.0
h11,scope_1,reasoning,1,0.0
h11,scope_1,reasoning,2,0.5161
h11,scope_1,reasoning,3,0.4839
h11,scope_1,reasoning,4,0.0
h11,auth_3,judgment,0,0.0
h11,auth_3,judgment,1,0.5042
h11,auth_3,judgment,2,0.4958
h11,auth_3,judgment,3,0.0
h11,auth_3,reasoning,0,0.0
h11,auth_3,reasoning,1,0.5556
h11,auth_3,reasoning,2,0.4444
h11,auth_3,reasoning,3,0.0
h11,domain_2,judgment,0,1.0
h11,domain_2,judgment,1,0.0
h11,domain_2,judgment,2,0.0
h11,domain_2,judgment,3,0.0
h11,domain_2,reasoning,0,0.5556
h11,domain_2,reasoning,1,0.0
h11,domain_2,reasoning,2,0.4444
h11,domain_2,reasoning,3,0.0
h12,mac_3,judgment,0,0.1544
h12,mac_3,judgment,1,0.5515
h12,mac_3,judgment,2,0.2941
h12,mac_3,judgment,3,0.0
h12,mac_3,reasoning,0,0.3091
h12,mac_3,reasoning,1,0.4
h12,mac_3,reasoning,2,0.2909
h12,mac_3,reasoning,3,0.0
h12,auth_1,judgment,0,0.3915
h12,auth_1,judgment,1,0.2328
h12,auth_1,judgment,2,0.3757
h12,auth_1,judgment,3,0.0
h12,auth_1,reasoning,0,0.3527
h12,auth_1,reasoning,1,0.1607
h12,auth_1,reasoning,2,0.308
h12,auth_1,reasoning,3,0.1786
h12,auth_1,reasoning,4,0.0
h12,domain_3,judgment,0,0.4074
h12,domain_3,judgment,1,0.2434
h12,domain_3,judgment,2,0.3492
h12,domain_3,judgment,3,0.0
h12,domain_3,reasoning,0,0.3312
h12,domain_3,reasoning,1,0.3057
h12,domain_3,reasoning,2,0.3631
h12,domain_3,reasoning,3,0.0
h12,scope_1,judgment,0,0.1488
h12,scope_1,judgment,1,0.4702
h12,scope_1,judgment,2,0.381
h12,scope_1,judgment,3,0.0
h12,scope_1,reasoning,0,0.1171
h12,scope_1,reasoning,1,0.3423
h12,scope_1,reasoning,2,0.2207
h12,scope_1,reasoning,3,0.3198
h12,scope_1,reasoning,4,0.0
h13,mac_1,judgment,0,0.3015
h13,mac_1,judgment,1,0.1103
h13,mac_1,judgment,2,0.5882
h13,mac_1,judgment,3,0.0
h13,mac_1,reasoning,0,0.0
h13,mac_1,reasoning,1,0.0
h13,mac_1,reasoning,2,0.0
h13,mac_1,reasoning,3,1.0
h13,domain_2,judgment,0,0.0
h13,domain_2,judgment,1,0.7217
h13,domain_2,judgment,2,0.2783
h13,domain_2,judgment,3,0.0
h13,domain_2,reasoning,0,0.0
h13,domain_2,reasoning,1,0.6538
h13,domain_2,reasoning,2,0.3462
h13,domain_2,reasoning,3,0.0
h13,auth_2,judgment,0,0.3444
h13,auth_2,judgment,1,0.0
h13,auth_2,judgment,2,0.6556
h13,auth_2,judgment,3,0.0
h13,auth_2,reasoning,0,0.0
h13,auth_2,reasoning,1,0.0
h13,auth_2,reasoning,2,1.0
h13,auth_2,reasoning,3,0.0
h13,auth_2,reasoning,4,0.0
h13,scope_1,judgment,0,0.0
h13,scope_1,judgment,1,1.0
h13,scope_1,judgment,2,0.0
h13,scope_1,judgment,3,0.0
h13,scope_1,reasoning,0,0.0
h13,scope_1,reasoning,1,0.0
h13,scope_1,reasoning,2,0.0
h13,scope_1,reasoning,3,1.0
h13,scope_1,reasoning,4,0.0
h14,mac_2,judgment,0,0.0583
h14,mac_2,judgment,1,0.7476
h14,mac_2,judgment,2,0.1942
h14,mac_2,judgment,3,0.0
h14,mac_2,reasoning,0,0.0426
h14,mac_2,reasoning,1,0.4787
h14,mac_2,reasoning,2,0.4787
h14,mac_2,reasoning,3,0.0
h14,domain_2,judgment,0,0.0288
h14,domain_2,judgment,1,0.4532
h14,domain_2,judgment,2,0.518
h14,domain_2,judgment,3,0.0
h14,domain_2,reasoning,0,0.1366
h14,domain_2,reasoning,1,0.3292
h14,domain_2,reasoning,2,0.5342
h14,domain_2,reasoning,3,0.0
h14,scope_3,judgment,0,0.0294
h14,scope_3,judgment,1,0.0196
h14,scope_3,judgment,2,0.951
h14,scope_3,judgment,3,0.0
h14,scope_3,reasoning,0,0.0166
h14,scope_3,reasoning,1,0.4917
h14,scope_3,reasoning,2,0.4917
h14,scope_3,reasoning,3,0.0
h14,auth_2,judgment,0,0.1964
h14,auth_2,judgment,1,0.1071
h14,auth_2,judgment,2,0.6964
h14,auth_2,judgment,3,0.0
h14,auth_2,reasoning,0,0.4118
h14,auth_2,reasoning,1,0.0118
h14,auth_2,reasoning,2,0.4824
h14,auth_2,reasoning,3,0.0941
h14,auth_2,reasoning,4,0.0
h14,auth_1,judgment,0,0.4146
h14,auth_1,judgment,1,0.0244
h14,auth_1,judgment,2,0.561
h14,auth_1,judgment,3,0.0
h14,auth_1,reasoning,0,0.4526
h14,auth_1,reasoning,1,0.0511
h14,auth_1,reasoning,2,0.4891
h14,auth_1,reasoning,3,0.0073
h14,auth_1,reasoning,4,0.0
h14,mac_3,judgment,0,0.0194
h14,mac_3,judgment,1,0.9709
h14,mac_3,judgment,2,0.0097
h14,mac_3,judgment,3,0.0
h14,mac_3,reasoning,0,0.0496
h14,mac_3,reasoning,1,0.6099
h14,mac_3,reasoning,2,0.3404
h14,mac_3,reasoning,3,0.0
h14,domain_1,judgment,0,0.0
h14,domain_1,judgment,1,1.0
h14,domain_1,judgment,2,0.0
h14,domain_1,judgment,3,0.0
h14,domain_1,reasoning,0,0.0
h14,domain_1,reasoning,1,0.5079
h14,domain_1,reasoning,2,0.4921
h14,domain_1,reasoning,3,0.0
h14,scope_2,judgment,0,0.0402
h14,scope_2,judgment,1,0.5115
h14,scope_2,judgment,2,0.4483
h14,scope_2,judgment,3,0.0
h14,scope_2,reasoning,0,0.0595
h14,scope_2,reasoning,1,0.4
h14,scope_2,reasoning,2,0.5405
h14,scope_2,reasoning,3,0.0
h14,auth_3,judgment,0,0.3216
h14,auth_3,judgment,1,0.0994
h14,auth_3,judgment,2,0.5789
h14,auth_3,judgment,3,0.0
h14,auth_3,reasoning,0,0.5405
h14,auth_3,reasoning,1,0.0162
h14,auth_3,reasoning,2,0.4432
h14,auth_3,reasoning,3,0.0
h14,scope_1,judgment,0,0.0
h14,scope_1,judgment,1,0.5
h14,scope_1,judgment,2,0.5
h14,scope_1,judgment,3,0.0
h14,scope_1,reasoning,0,0.0
h14,scope_1,reasoning,1,0.3643
h14,scope_1,reasoning,2,0.3101
h14,scope_1,reasoning,3,0.3256
h14,scope_1,reasoning,4,0.0
h14,domain_3,judgment,0,0.0
h14,domain_3,judgment,1,1.0
h14,domain_3,judgment,2,0.0
h14,domain_3,judgment,3,0.0
h14,domain_3,reasoning,0,0.0156
h14,domain_3,reasoning,1,0.4635
h14,domain_3,reasoning,2,0.5208
h14,domain_3,reasoning,3,0.0
h14,mac_1,judgment,0,0.0
h14,mac_1,judgment,1,0.9709
h14,mac_1,judgment,2,0.0291
h14,mac_1,judgment,3,0.0
h14,mac_1,reasoning,0,0.0
h14,mac_1,reasoning,1,0.7092
h14,mac_1,reasoning,2,0.2908
h14,mac_1,reasoning,3,0.0
h15,auth_1,judgment,0,0.0
h15,auth_1,judgment,1,0.4889
h15,auth_1,judgment,2,0.5111
h15,auth_1,judgment,3,0.0
h15,auth_1,reasoning,0,0.3636
h15,auth_1,reasoning,1,0.3164
h15,auth_1,reasoning,2,0.32
h15,auth_1,reasoning,3,0.0
h15,auth_1,reasoning,4,0.0
h15,domain_1,judgment,0,0.0
h15,domain_1,judgment,1,0.2549
h15,domain_1,judgment,2,0.2549
h15,domain_1,judgment,3,0.4902
h15,domain_1,reasoning,0,0.0667
h15,domain_1,reasoning,1,0.3733
h15,domain_1,reasoning,2,0.56
h15,domain_1,reasoning,3,0.0
h15,mac_1,judgment,0,0.6803
h15,mac_1,judgment,1,0.3197
h15,mac_1,judgment,2,0.0
h15,mac_1,judgment,3,0.0
h15,mac_1,reasoning,0,0.3623
h15,mac_1,reasoning,1,0.3623
h15,mac_1,reasoning,2,0.2754
h15,mac_1,reasoning,3,0.0
h15,scope_2,judgment,0,0.0654
h15,scope_2,judgment,1,0.0
h15,scope_2,judgment,2,0.9346
h15,scope_2,judgment,3,0.0
h15,scope_2,reasoning,0,0.3407
h15,scope_2,reasoning,1,0.1099
h15,scope_2,reasoning,2,0.5495
h15,scope_2,reasoning,3,0.0
h16,scope_2,judgment,0,0.3024
h16,scope_2,judgment,1,0.2244
h16,scope_2,judgment,2,0.4732
h16,scope_2,judgment,3,0.0
h16,scope_2,reasoning,0,0.3956
h16,scope_2,reasoning,1,0.1956
h16,scope_2,reasoning,2,0.4089
h16,scope_2,reasoning,3,0.0
h16,domain_3,judgment,0,0.2256
h16,domain_3,judgment,1,0.3077
h16,domain_3,judgment,2,0.4667
h16,domain_3,judgment,3,0.0
h16,domain_3,reasoning,0,0.2198
h16,domain_3,reasoning,1,0.2857
h16,domain_3,reasoning,2,0.4945
h16,domain_3,reasoning,3,0.0
h16,auth_2,judgment,0,0.315
h16,auth_2,judgment,1,0.235
h16,auth_2,judgment,2,0.45
h16,auth_2,judgment,3,0.0
h16,auth_2,reasoning,0,0.2291
h16,auth_2,reasoning,1,0.2335
h16,auth_2,reasoning,2,0.3392
h16,auth_2,reasoning,3,0.1982
h16,auth_2,reasoning,4,0.0
h16,mac_3,judgment,0,0.1867
h16,mac_3,judgment,1,0.4667
h16,mac_3,judgment,2,0.3467
h16,mac_3,judgment,3,0.0
h16,mac_3,reasoning,0,0.2264
h16,mac_3,reasoning,1,0.4151
h16,mac_3,reasoning,2,0.3585
h16,mac_3,reasoning,3,0.0
h17,scope_2,judgment,0,0.2857
h17,scope_2,judgment,1,0.7143
h17,scope_2,judgment,2,0.0
h17,scope_2,judgment,3,0.0
h17,scope_2,reasoning,0,0.2708
h17,scope_2,reasoning,1,0.6146
h17,scope_2,reasoning,2,0.1146
h17,scope_2,reasoning,3,0.0
h17,domain_1,judgment,0,0.25
h17,domain_1,judgment,1,0.75
h17,domain_1,judgment,2,0.0
h17,domain_1,judgment,3,0.0
h17,domain_1,reasoning,0,0.1667
h17,domain_1,reasoning,1,0.8333
h17,domain_1,reasoning,2,0.0
h17,domain_1,reasoning,3,0.0
h17,mac_3,judgment,0,0.0
h17,mac_3,judgment,1,0.92
h17,mac_3,judgment,2,0.08
h17,mac_3,judgment,3,0.0
h17,mac_3,reasoning,0,0.0
h17,mac_3,reasoning,1,0.9247
h17,mac_3,reasoning,2,0.0753
h17,mac_3,reasoning,3,0.0
h17,auth_2,judgment,0,0.0515
h17,auth_2,judgment,1,0.8969
h17,auth_2,judgment,2,0.0515
h17,auth_2,judgment,3,0.0
h17,auth_2,reasoning,0,0.0323
h17,auth_2,reasoning,1,0.9462
h17,auth_2,reasoning,2,0.0215
h17,auth_2,reasoning,3,0.0
h17,auth_2,reasoning,4,0.0
h18,mac_1,judgment,0,0.4
h18,mac_1,judgment,1,0.1684
h18,mac_1,judgment,2,0.4316
h18,mac_1,judgment,3,0.0
h18,mac_1,reasoning,0,0.3256
h18,mac_1,reasoning,1,0.3256
h18,mac_1,reasoning,2,0.3488
h18,mac_1,reasoning,3,0.0
h18,scope_2,judgment,0,0.314
h18,scope_2,judgment,1,0.1802
h18,scope_2,judgment,2,0.5058
h18,scope_2,judgment,3,0.0
h18,scope_2,reasoning,0,0.392
h18,scope_2,reasoning,1,0.1477
h18,scope_2,reasoning,2,0.4602
h18,scope_2,reasoning,3,0.0
h18,auth_2,judgment,0,0.0718
h18,auth_2,judgment,1,0.4586
h18,auth_2,judgment,2,0.4696
h18,auth_2,judgment,3,0.0
h18,auth_2,reasoning,0,0.2702
h18,auth_2,reasoning,1,0.193
h18,auth_2,reasoning,2,0.3123
h18,auth_2,reasoning,3,0.2246
h18,auth_2,reasoning,4,0.0
h18,domain_2,judgment,0,0.0333
h18,domain_2,judgment,1,0.4722
h18,domain_2,judgment,2,0.4944
h18,domain_2,judgment,3,0.0
h18,domain_2,reasoning,0,0.2085
h18,domain_2,reasoning,1,0.3915
h18,domain_2,reasoning,2,0.4
h18,domain_2,reasoning,3,0.0
h19,scope_3,judgment,0,0.0909
h19,scope_3,judgment,1,0.303
h19,scope_3,judgment,2,0.6061
h19,scope_3,judgment,3,0.0
h19,scope_3,reasoning,0,0.0
h19,scope_3,reasoning,1,0.3506
h19,scope_3,reasoning,2,0.6494
h19,scope_3,reasoning,3,0.0
h19,auth_3,judgment,0,0.2528
h19,auth_3,judgment,1,0.2584
h19,auth_3,judgment,2,0.4888
h19,auth_3,judgment,3,0.0
h19,auth_3,reasoning,0,0.3333
h19,auth_3,reasoning,1,0.3333
h19,auth_3,reasoning,2,0.3333
h19,auth_3,reasoning,3,0.0
h19,domain_2,judgment,0,0.0
h19,domain_2,judgment,1,0.6623
h19,domain_2,judgment,2,0.3377
h19,domain_2,judgment,3,0.0
h19,domain_2,reasoning,0,0.0991
h19,domain_2,reasoning,1,0.4505
h19,domain_2,reasoning,2,0.4505
h19,domain_2,reasoning,3,0.0
h19,mac_2,judgment,0,0.0741
h19,mac_2,judgment,1,0.463
h19,mac_2,judgment,2,0.463
h19,mac_2,judgment,3,0.0
h19,mac_2,reasoning,0,0.192
h19,mac_2,reasoning,1,0.4
h19,mac_2,reasoning,2,0.408
h19,mac_2,reasoning,3,0.0
h19,scope_2,judgment,0,0.1557
h19,scope_2,judgment,1,0.4262
h19,scope_2,judgment,2,0.418
h19,scope_2,judgment,3,0.0
h19,scope_2,reasoning,0,0.2049
h19,scope_2,reasoning,1,0.3934
h19,scope_2,reasoning,2,0.4016
h19,scope_2,reasoning,3,0.0
h19,mac_3,judgment,0,0.0
h19,mac_3,judgment,1,0.6667
h19,mac_3,judgment,2,0.3333
h19,mac_3,judgment,3,0.0
h19,mac_3,reasoning,0,0.0952
h19,mac_3,reasoning,1,0.3095
h19,mac_3,reasoning,2,0.5952
h19,mac_3,reasoning,3,0.0
h19,auth_1,judgment,0,0.1575
h19,auth_1,judgment,1,0.1575
h19,auth_1,judgment,2,0.6849
h19,auth_1,judgment,3,0.0
h19,auth_1,reasoning,0,0.2744
h19,auth_1,reasoning,1,0.1159
h19,auth_1,reasoning,2,0.6098
h19,auth_1,reasoning,3,0.0
h19,auth_1,reasoning,4,0.0
h19,domain_3,judgment,0,0.0
h19,domain_3,judgment,1,0.7463
h19,domain_3,judgment,2,0.2537
h19,domain_3,judgment,3,0.0
h19,domain_3,reasoning,0,0.0942
h19,domain_3,reasoning,1,0.3822
h19,domain_3,reasoning,2,0.5236
h19,domain_3,reasoning,3,0.0
h19,mac_1,judgment,0,0.1679
h19,mac_1,judgment,1,0.4198
h19,mac_1,judgment,2,0.4122
h19,mac_1,judgment,3,0.0
h19,mac_1,reasoning,0,0.1609
h19,mac_1,reasoning,1,0.5747
h19,mac_1,reasoning,2,0.2644
h19,mac_1,reasoning,3,0.0
h19,scope_1,judgment,0,0.0
h19,scope_1,judgment,1,1.0
h19,scope_1,judgment,2,0.0
h19,scope_1,judgment,3,0.0
h19,scope_1,reasoning,0,0.0534
h19,scope_1,reasoning,1,0.3817
h19,scope_1,reasoning,2,0.1832
h19,scope_1,reasoning,3,0.3817
h19,scope_1,reasoning,4,0.0
h19,auth_2,judgment,0,0.7027
h19,auth_2,judgment,1,0.1486
h19,auth_2,judgment,2,0.1486
h19,auth_2,judgment,3,0.0
h19,auth_2,reasoning,0,0.4032
h19,auth_2,reasoning,1,0.1935
h19,auth_2,reasoning,2,0.4032
h19,auth_2,reasoning,3,0.0
h19,auth_2,reasoning,4,0.0
h19,domain_1,judgment,0,0.0
h19,domain_1,judgment,1,0.5
h19,domain_1,judgment,2,0.5
h19,domain_1,judgment,3,0.0
h19,domain_1,reasoning,0,0.0
h19,domain_1,reasoning,1,0.5
h19,domain_1,reasoning,2,0.5
h19,domain_1,reasoning,3,0.0
h20,domain_1,judgment,0,0.5714
h20,domain_1,judgment,1,0.1314
h20,domain_1,judgment,2,0.2971
h20,domain_1,judgment,3,0.0
h20,domain_1,reasoning,0,0.565
h20,domain_1,reasoning,1,0.1356
h20,domain_1,reasoning,2,0.2994
h20,domain_1,reasoning,3,0.0
h20,scope_2,judgment,0,0.0
h20,scope_2,judgment,1,1.0
h20,scope_2,judgment,2,0.0
h20,scope_2,judgment,3,0.0
h20,scope_2,reasoning,0,0.0
h20,scope_2,reasoning,1,1.0
h20,scope_2,reasoning,2,0.0
h20,scope_2,reasoning,3,0.0
h20,auth_2,judgment,0,0.0
h20,auth_2,judgment,1,0.0
h20,auth_2,judgment,2,1.0
h20,auth_2,judgment,3,0.0
h20,auth_2,reasoning,0,0.0
h20,auth_2,reasoning,1,1.0
h20,auth_2,reasoning,2,0.0
h20,auth_2,reasoning,3,0.0
h20,auth_2,reasoning,4,0.0
h20,mac_2,judgment,0,0.3911
h20,mac_2,judgment,1,0.2222
h20,mac_2,judgment,2,0.3867
h20,mac_2,judgment,3,0.0
h20,mac_2,reasoning,0,0.1418
h20,mac_2,reasoning,1,0.1119
h20,mac_2,reasoning,2,0.7463
h20,mac_2,reasoning,3,0.0
h21,domain_1,judgment,0,0.0294
h21,domain_1,judgment,1,0.5529
h21,domain_1,judgment,2,0.4176
h21,domain_1,judgment,3,0.0
h21,domain_1,reasoning,0,0.0918
h21,domain_1,reasoning,1,0.4251
h21,domain_1,reasoning,2,0.4831
h21,domain_1,reasoning,3,0.0
h21,scope_1,judgment,0,0.0132
h21,scope_1,judgment,1,0.5855
h21,scope_1,judgment,2,0.4013
h21,scope_1,judgment,3,0.0
h21,scope_1,reasoning,0,0.028
h21,scope_1,reasoning,1,0.2
h21,scope_1,reasoning,2,0.4
h21,scope_1,reasoning,3,0.372
h21,scope_1,reasoning,4,0.0
h21,mac_1,judgment,0,0.0756
h21,mac_1,judgment,1,0.4593
h21,mac_1,judgment,2,0.4651
h21,mac_1,judgment,3,0.0
h21,mac_1,reasoning,0,0.5643
h21,mac_1,reasoning,1,0.2214
h21,mac_1,reasoning,2,0.2143
h21,mac_1,reasoning,3,0.0
h21,auth_2,judgment,0,0.7405
h21,auth_2,judgment,1,0.0763
h21,auth_2,judgment,2,0.1832
h21,auth_2,judgment,3,0.0
h21,auth_2,reasoning,0,0.3662
h21,auth_2,reasoning,1,0.1338
h21,auth_2,reasoning,2,0.3592
h21,auth_2,reasoning,3,0.1408
h21,auth_2,reasoning,4,0.0
h22,auth_1,judgment,0,0.3616
h22,auth_1,judgment,1,0.1073
h22,auth_1,judgment,2,0.5311
h22,auth_1,judgment,3,0.0
h22,auth_1,reasoning,0,0.3633
h22,auth_1,reasoning,1,0.249
h22,auth_1,reasoning,2,0.3551
h22,auth_1,reasoning,3,0.0327
h22,auth_1,reasoning,4,0.0
h22,mac_1,judgment,0,0.4671
h22,mac_1,judgment,1,0.0592
h22,mac_1,judgment,2,0.4737
h22,mac_1,judgment,3,0.0
h22,mac_1,reasoning,0,0.1517
h22,mac_1,reasoning,1,0.1586
h22,mac_1,reasoning,2,0.0
h22,mac_1,reasoning,3,0.6897
h22,domain_3,judgment,0,0.5963
h22,domain_3,judgment,1,0.4037
h22,domain_3,judgment,2,0.0
h22,domain_3,judgment,3,0.0
h22,domain_3,reasoning,0,0.6316
h22,domain_3,reasoning,1,0.0
h22,domain_3,reasoning,2,0.3684
h22,domain_3,reasoning,3,0.0
h22,scope_2,judgment,0,0.2336
h22,scope_2,judgment,1,0.2243
h22,scope_2,judgment,2,0.5421
h22,scope_2,judgment,3,0.0
h22,scope_2,reasoning,0,0.1497
h22,scope_2,reasoning,1,0.1701
h22,scope_2,reasoning,2,0.6803
h22,scope_2,reasoning,3,0.0
h23,domain_3,judgment,0,0.0588
h23,domain_3,judgment,1,0.5
h23,domain_3,judgment,2,0.4412
h23,domain_3,judgment,3,0.0
h23,domain_3,reasoning,0,1.0
h23,domain_3,reasoning,1,0.0
h23,domain_3,reasoning,2,0.0
h23,domain_3,reasoning,3,0.0
h23,auth_1,judgment,0,0.3286
h23,auth_1,judgment,1,0.3286
h23,auth_1,judgment,2,0.3429
h23,auth_1,judgment,3,0.0
h23,auth_1,reasoning,0,0.4444
h23,auth_1,reasoning,1,0.1053
h23,auth_1,reasoning,2,0.4503
h23,auth_1,reasoning,3,0.0
h23,auth_1,reasoning,4,0.0
h23,mac_3,judgment,0,0.0
h23,mac_3,judgment,1,0.0
h23,mac_3,judgment,2,0.0
h23,mac_3,judgment,3,1.0
h23,mac_3,reasoning,0,0.1043
h23,mac_3,reasoning,1,0.6609
h23,mac_3,reasoning,2,0.2348
h23,mac_3,reasoning,3,0.0
h23,scope_2,judgment,0,0.3399
h23,scope_2,judgment,1,0.3399
h23,scope_2,judgment,2,0.3203
h23,scope_2,judgment,3,0.0
h23,scope_2,reasoning,0,0.1678
h23,scope_2,reasoning,1,0.1611
h23,scope_2,reasoning,2,0.6711
h23,scope_2,reasoning,3,0.0
h24,mac_3,judgment,0,0.0
h24,mac_3,judgment,1,1.0
h24,mac_3,judgment,2,0.0
h24,mac_3,judgment,3,0.0
h24,mac_3,reasoning,0,0.0
h24,mac_3,reasoning,1,1.0
h24,mac_3,reasoning,2,0.0
h24,mac_3,reasoning,3,0.0
h24,scope_2,judgment,0,0.0
h24,scope_2,judgment,1,0.6644
h24,scope_2,judgment,2,0.3356
h24,scope_2,judgment,3,0.0
h24,scope_2,reasoning,0,0.0
h24,scope_2,reasoning,1,0.6536
h24,scope_2,reasoning,2,0.3464
h24,scope_2,reasoning,3,0.0
h24,auth_1,judgment,0,0.0
h24,auth_1,judgment,1,1.0
h24,auth_1,judgment,2,0.0
h24,auth_1,judgment,3,0.0
h24,auth_1,reasoning,0,0.2849
h24,auth_1,reasoning,1,0.2878
h24,auth_1,reasoning,2,0.1366
h24,auth_1,reasoning,3,0.2907
h24,auth_1,reasoning,4,0.0
h24,domain_1,judgment,0,0.0
h24,domain_1,judgment,1,0.5097
h24,domain_1,judgment,2,0.4903
h24,domain_1,judgment,3,0.0
h24,domain_1,reasoning,0,0.0
h24,domain_1,reasoning,1,0.6449
h24,domain_1,reasoning,2,0.3551
h24,domain_1,reasoning,3,0.0
h25,scope_2,judgment,0,0.4095
h25,scope_2,judgment,1,0.1143
h25,scope_2,judgment,2,0.4762
h25,scope_2,judgment,3,0.0
h25,scope_2,reasoning,0,0.4429
h25,scope_2,reasoning,1,0.3214
h25,scope_2,reasoning,2,0.2357
h25,scope_2,reasoning,3,0.0
h25,domain_3,judgment,0,0.0
h25,domain_3,judgment,1,1.0
h25,domain_3,judgment,2,0.0
h25,domain_3,judgment,3,0.0
h25,domain_3,reasoning,0,0.1351
h25,domain_3,reasoning,1,0.6757
h25,domain_3,reasoning,2,0.1892
h25,domain_3,reasoning,3,0.0
h25,mac_3,judgment,0,0.2177
h25,mac_3,judgment,1,0.2419
h25,mac_3,judgment,2,0.5403
h25,mac_3,judgment,3,0.0
h25,mac_3,reasoning,0,0.3137
h25,mac_3,reasoning,1,0.2647
h25,mac_3,reasoning,2,0.4216
h25,mac_3,reasoning,3,0.0
h25,auth_1,judgment,0,0.1304
h25,auth_1,judgment,1,0.0
h25,auth_1,judgment,2,0.8696
h25,auth_1,judgment,3,0.0
h25,auth_1,reasoning,0,0.1296
h25,auth_1,reasoning,1,0.1235
h25,auth_1,reasoning,2,0.6173
h25,auth_1,reasoning,3,0.1296
h25,auth_1,reasoning,4,0.0
h26,scope_1,judgment,0,0.0
h26,scope_1,judgment,1,0.5
h26,scope_1,judgment,2,0.5
h26,scope_1,judgment,3,0.0
h26,scope_1,reasoning,0,0.0
h26,scope_1,reasoning,1,0.3333
h26,scope_1,reasoning,2,0.3333
h26,scope_1,reasoning,3,0.3333
h26,scope_1,reasoning,4,0.0
h26,domain_1,judgment,0,0.0
h26,domain_1,judgment,1,0.5435
h26,domain_1,judgment,2,0.4565
h26,domain_1,judgment,3,0.0
h26,domain_1,reasoning,0,0.0
h26,domain_1,reasoning,1,0.547
h26,domain_1,reasoning,2,0.453
h26,domain_1,reasoning,3,0.0
h26,auth_2,judgment,0,0.0
h26,auth_2,judgment,1,0.5
h26,auth_2,judgment,2,0.5
h26,auth_2,judgment,3,0.0
h26,auth_2,reasoning,0,0.0
h26,auth_2,reasoning,1,0.4904
h26,auth_2,reasoning,2,0.0064
h26,auth_2,reasoning,3,0.5032
h26,auth_2,reasoning,4,0.0
h26,mac_2,judgment,0,0.0
h26,mac_2,judgment,1,0.4152
h26,mac_2,judgment,2,0.5848
h26,mac_2,judgment,3,0.0
h26,mac_2,reasoning,0,0.2879
h26,mac_2,reasoning,1,0.3788
h26,mac_2,reasoning,2,0.3333
h26,mac_2,reasoning,3,0.0
h27,domain_2,judgment,0,0.0909
h27,domain_2,judgment,1,0.3523
h27,domain_2,judgment,2,0.5568
h27,domain_2,judgment,3,0.0
h27,domain_2,reasoning,0,0.1905
h27,domain_2,reasoning,1,0.3968
h27,domain_2,reasoning,2,0.4127
h27,domain_2,reasoning,3,0.0
h27,scope_1,judgment,0,0.0
h27,scope_1,judgment,1,0.6757
h27,scope_1,judgment,2,0.3243
h27,scope_1,judgment,3,0.0
h27,scope_1,reasoning,0,0.0766
h27,scope_1,reasoning,1,0.3306
h27,scope_1,reasoning,2,0.3145
h27,scope_1,reasoning,3,0.2782
h27,scope_1,reasoning,4,0.0
h27,auth_3,judgment,0,0.3738
h27,auth_3,judgment,1,0.1408
h27,auth_3,judgment,2,0.4854
h27,auth_3,judgment,3,0.0
h27,auth_3,reasoning,0,0.3768
h27,auth_3,reasoning,1,0.2995
h27,auth_3,reasoning,2,0.3237
h27,auth_3,reasoning,3,0.0
h27,mac_1,judgment,0,0.3981
h27,mac_1,judgment,1,0.3689
h27,mac_1,judgment,2,0.233
h27,mac_1,judgment,3,0.0
h27,mac_1,reasoning,0,0.2632
h27,mac_1,reasoning,1,0.4008
h27,mac_1,reasoning,2,0.336
h27,mac_1,reasoning,3,0.0
h28,auth_3,judgment,0,0.3259
h28,auth_3,judgment,1,0.3259
h28,auth_3,judgment,2,0.3481
h28,auth_3,judgment,3,0.0
h28,auth_3,reasoning,0,0.0
h28,auth_3,reasoning,1,0.0
h28,auth_3,reasoning,2,1.0
h28,auth_3,reasoning,3,0.0
h28,mac_1,judgment,0,0.0196
h28,mac_1,judgment,1,0.0
h28,mac_1,judgment,2,0.0
h28,mac_1,judgment,3,0.9804
h28,mac_1,reasoning,0,0.0
h28,mac_1,reasoning,1,0.9412
h28,mac_1,reasoning,2,0.0588
h28,mac_1,reasoning,3,0.0
h28,domain_1,judgment,0,0.0
h28,domain_1,judgment,1,0.0
h28,domain_1,judgment,2,0.0
h28,domain_1,judgment,3,1.0
h28,domain_1,reasoning,0,0.0
h28,domain_1,reasoning,1,0.0
h28,domain_1,reasoning,2,0.0
h28,domain_1,reasoning,3,1.0
h28,scope_3,judgment,0,0.5556
h28,scope_3,judgment,1,0.2778
h28,scope_3,judgment,2,0.1667
h28,scope_3,judgment,3,0.0
h28,scope_3,reasoning,0,0.0
h28,scope_3,reasoning,1,0.0
h28,scope_3,reasoning,2,0.0
h28,scope_3,reasoning,3,1.0
h29,scope_1,judgment,0,0.0
h29,scope_1,judgment,1,1.0
h29,scope_1,judgment,2,0.0
h29,scope_1,judgment,3,0.0
h29,scope_1,reasoning,0,0.806
h29,scope_1,reasoning,1,0.194
h29,scope_1,reasoning,2,0.0
h29,scope_1,reasoning,3,0.0
h29,scope_1,reasoning,4,0.0
h29,domain_1,judgment,0,0.0
h29,domain_1,judgment,1,0.0
h29,domain_1,judgment,2,1.0
h29,domain_1,judgment,3,0.0
h29,domain_1,reasoning,0,0.0
h29,domain_1,reasoning,1,0.0
h29,domain_1,reasoning,2,1.0
h29,domain_1,reasoning,3,0.0
h29,auth_1,judgment,0,0.0
h29,auth_1,judgment,1,0.0
h29,auth_1,judgment,2,1.0
h29,auth_1,judgment,3,0.0
h29,auth_1,reasoning,0,0.0
h29,auth_1,reasoning,1,0.0
h29,auth_1,reasoning,2,1.0
h29,auth_1,reasoning,3,0.0
h29,auth_1,reasoning,4,0.0
h29,mac_2,judgment,0,0.0
h29,mac_2,judgment,1,1.0
h29,mac_2,judgment,2,0.0
h29,mac_2,judgment,3,0.0
h29,mac_2,reasoning,0,0.0
h29,mac_2,reasoning,1,1.0
h29,mac_2,reasoning,2,0.0
h29,mac_2,reasoning,3,0.0
h30,scope_3,judgment,0,0.0
h30,scope_3,judgment,1,0.5566
h30,scope_3,judgment,2,0.4434
h30,scope_3,judgment,3,0.0
h30,scope_3,reasoning,0,0.0
h30,scope_3,reasoning,1,0.0
h30,scope_3,reasoning,2,1.0
h30,scope_3,reasoning,3,0.0
h30,auth_1,judgment,0,0.6098
h30,auth_1,judgment,1,0.0
h30,auth_1,judgment,2,0.3902
h30,auth_1,judgment,3,0.0
h30,auth_1,reasoning,0,0.5495
h30,auth_1,reasoning,1,0.0
h30,auth_1,reasoning,2,0.4505
h30,auth_1,reasoning,3,0.0
h30,auth_1,reasoning,4,0.0
h30,domain_1,judgment,0,0.0
h30,domain_1,judgment,1,0.449
h30,domain_1,judgment,2,0.551
h30,domain_1,judgment,3,0.0
h30,domain_1,reasoning,0,0.0
h30,domain_1,reasoning,1,0.0
h30,domain_1,reasoning,2,1.0
h30,domain_1,reasoning,3,0.0
h30,mac_1,judgment,0,0.0
h30,mac_1,judgment,1,0.5271
h30,mac_1,judgment,2,0.4729
h30,mac_1,judgment,3,0.0
h30,mac_1,reasoning,0,0.0
h30,mac_1,reasoning,1,1.0
h30,mac_1,reasoning,2,0.0
h30,mac_1,reasoning,3,0.0
h31,auth_2,judgment,0,0.6364
h31,auth_2,judgment,1,0.2424
h31,auth_2,judgment,2,0.1212
h31,auth_2,judgment,3,0.0
h31,auth_2,reasoning,0,0.3827
h31,auth_2,reasoning,1,0.358
h31,auth_2,reasoning,2,0.1914
h31,auth_2,reasoning,3,0.0679
h31,auth_2,reasoning,4,0.0
h31,domain_2,judgment,0,0.0299
h31,domain_2,judgment,1,0.4851
h31,domain_2,judgment,2,0.4851
h31,domain_2,judgment,3,0.0
h31,domain_2,reasoning,0,0.1974
h31,domain_2,reasoning,1,0.3991
h31,domain_2,reasoning,2,0.4034
h31,domain_2,reasoning,3,0.0
h31,mac_2,judgment,0,0.1422
h31,mac_2,judgment,1,0.3676
h31,mac_2,judgment,2,0.4902
h31,mac_2,judgment,3,0.0
h31,mac_2,reasoning,0,0.1562
h31,mac_2,reasoning,1,0.3229
h31,mac_2,reasoning,2,0.5208
h31,mac_2,reasoning,3,0.0
h31,scope_3,judgment,0,0.0206
h31,scope_3,judgment,1,0.567
h31,scope_3,judgment,2,0.4124
h31,scope_3,judgment,3,0.0
h31,scope_3,reasoning,0,0.0
h31,scope_3,reasoning,1,0.3894
h31,scope_3,reasoning,2,0.6106
h31,scope_3,reasoning,3,0.0
h32,auth_2,judgment,0,0.5944
h32,auth_2,judgment,1,0.0699
h32,auth_2,judgment,2,0.3357
h32,auth_2,judgment,3,0.0
h32,auth_2,reasoning,0,0.4902
h32,auth_2,reasoning,1,0.0
h32,auth_2,reasoning,2,0.3578
h32,auth_2,reasoning,3,0.152
h32,auth_2,reasoning,4,0.0
h32,mac_1,judgment,0,0.2366
h32,mac_1,judgment,1,0.3973
h32,mac_1,judgment,2,0.3661
h32,mac_1,judgment,3,0.0
h32,mac_1,reasoning,0,0.5319
h32,mac_1,reasoning,1,0.4681
h32,mac_1,reasoning,2,0.0
h32,mac_1,reasoning,3,0.0
h32,domain_2,judgment,0,0.0
h32,domain_2,judgment,1,0.5
h32,domain_2,judgment,2,0.5
h32,domain_2,judgment,3,0.0
h32,domain_2,reasoning,0,0.0
h32,domain_2,reasoning,1,0.5
h32,domain_2,reasoning,2,0.5
h32,domain_2,reasoning,3,0.0
h32,scope_2,judgment,0,0.1395
h32,scope_2,judgment,1,0.5
h32,scope_2,judgment,2,0.3605
h32,scope_2,judgment,3,0.0
h32,scope_2,reasoning,0,0.2756
h32,scope_2,reasoning,1,0.3307
h32,scope_2,reasoning,2,0.3937
h32,scope_2,reasoning,3,0.0
h33,domain_3,judgment,0,0.1726
h33,domain_3,judgment,1,0.494
h33,domain_3,judgment,2,0.3333
h33,domain_3,judgment,3,0.0
h33,domain_3,reasoning,0,0.1806
h33,domain_3,reasoning,1,0.4968
h33,domain_3,reasoning,2,0.3226
h33,domain_3,reasoning,3,0.0
h33,auth_1,judgment,0,0.0515
h33,auth_1,judgment,1,0.6471
h33,auth_1,judgment,2,0.3015
h33,auth_1,judgment,3,0.0
h33,auth_1,reasoning,0,0.1156
h33,auth_1,reasoning,1,0.4422
h33,auth_1,reasoning,2,0.1809
h33,auth_1,reasoning,3,0.2613
h33,auth_1,reasoning,4,0.0
h33,scope_1,judgment,0,0.0
h33,scope_1,judgment,1,0.5
h33,scope_1,judgment,2,0.5
h33,scope_1,judgment,3,0.0
h33,scope_1,reasoning,0,0.0
h33,scope_1,reasoning,1,0.3663
h33,scope_1,reasoning,2,0.3663
h33,scope_1,reasoning,3,0.2674
h33,scope_1,reasoning,4,0.0
h33,mac_1,judgment,0,0.3693
h33,mac_1,judgment,1,0.0625
h33,mac_1,judgment,2,0.5682
h33,mac_1,judgment,3,0.0
h33,mac_1,reasoning,0,0.403
h33,mac_1,reasoning,1,0.597
h33,mac_1,reasoning,2,0.0
h33,mac_1,reasoning,3,0.0
h34,domain_1,judgment,0,0.0
h34,domain_1,judgment,1,0.0
h34,domain_1,judgment,2,1.0
h34,domain_1,judgment,3,0.0
h34,domain_1,reasoning,0,0.0
h34,domain_1,reasoning,1,0.0
h34,domain_1,reasoning,2,1.0
h34,domain_1,reasoning,3,0.0
h34,mac_3,judgment,0,0.0
h34,mac_3,judgment,1,1.0
h34,mac_3,judgment,2,0.0
h34,mac_3,judgment,3,0.0
h34,mac_3,reasoning,0,0.0
h34,mac_3,reasoning,1,0.0
h34,mac_3,reasoning,2,1.0
h34,mac_3,reasoning,3,0.0
h34,auth_2,judgment,0,0.0
h34,auth_2,judgment,1,0.0
h34,auth_2,judgment,2,1.0
h34,auth_2,judgment,3,0.0
h34,auth_2,reasoning,0,0.0
h34,auth_2,reasoning,1,0.0
h34,auth_2,reasoning,2,1.0
h34,auth_2,reasoning,3,0.0
h34,auth_2,reasoning,4,0.0
h34,scope_1,judgment,0,0.0
h34,scope_1,judgment,1,1.0
h34,scope_1,judgment,2,0.0
h34,scope_1,judgment,3,0.0
h34,scope_1,reasoning,0,0.0
h34,scope_1,reasoning,1,0.0
h34,scope_1,reasoning,2,0.0
h34,scope_1,reasoning,3,1.0
h34,scope_1,reasoning,4,0.0
h35,auth_1,judgment,0,0.4016
h35,auth_1,judgment,1,0.1968
h35,auth_1,judgment,2,0.4016
h35,auth_1,judgment,3,0.0
h35,auth_1,reasoning,0,0.4367
h35,auth_1,reasoning,1,0.1266
h35,auth_1,reasoning,2,0.4367
h35,auth_1,reasoning,3,0.0
h35,auth_1,reasoning,4,0.0
h35,domain_1,judgment,0,0.0
h35,domain_1,judgment,1,0.5
h35,domain_1,judgment,2,0.5
h35,domain_1,judgment,3,0.0
h35,domain_1,reasoning,0,0.0
h35,domain_1,reasoning,1,0.5
h35,domain_1,reasoning,2,0.5
h35,domain_1,reasoning,3,0.0
h35,scope_2,judgment,0,0.0
h35,scope_2,judgment,1,1.0
h35,scope_2,judgment,2,0.0
h35,scope_2,judgment,3,0.0
h35,scope_2,reasoning,0,0.0
h35,scope_2,reasoning,1,1.0
h35,scope_2,reasoning,2,0.0
h35,scope_2,reasoning,3,0.0
h35,mac_3,judgment,0,0.0
h35,mac_3,judgment,1,1.0
h35,mac_3,judgment,2,0.0
h35,mac_3,judgment,3,0.0
h35,mac_3,reasoning,0,0.0
h35,mac_3,reasoning,1,1.0
h35,mac_3,reasoning,2,0.0
h35,mac_3,reasoning,3,0.0
h36,scope_2,judgment,0,0.3143
h36,scope_2,judgment,1,0.0
h36,scope_2,judgment,2,0.6857
h36,scope_2,judgment,3,0.0
h36,scope_2,reasoning,0,0.0
h36,scope_2,reasoning,1,0.0
h36,scope_2,reasoning,2,1.0
h36,scope_2,reasoning,3,0.0
h36,domain_1,judgment,0,0.0
h36,domain_1,judgment,1,0.495
h36,domain_1,judgment,2,0.505
h36,domain_1,judgment,3,0.0
h36,domain_1,reasoning,0,0.0
h36,domain_1,reasoning,1,0.575
h36,domain_1,reasoning,2,0.425
h36,domain_1,reasoning,3,0.0
h36,mac_2,judgment,0,0.0
h36,mac_2,judgment,1,0.0
h36,mac_2,judgment,2,1.0
h36,mac_2,judgment,3,0.0
h36,mac_2,reasoning,0,0.0
h36,mac_2,reasoning,1,0.0
h36,mac_2,reasoning,2,1.0
h36,mac_2,reasoning,3,0.0
h36,auth_2,judgment,0,0.6393
h36,auth_2,judgment,1,0.0
h36,auth_2,judgment,2,0.3607
h36,auth_2,judgment,3,0.0
h36,auth_2,reasoning,0,1.0
h36,auth_2,reasoning,1,0.0
h36,auth_2,reasoning,2,0.0
h36,auth_2,reasoning,3,0.0
h36,auth_2,reasoning,4,0.0
h37,scope_3,judgment,0,0.1183
h37,scope_3,judgment,1,0.355
h37,scope_3,judgment,2,0.5266
h37,scope_3,judgment,3,0.0
h37,scope_3,reasoning,0,0.0
h37,scope_3,reasoning,1,0.5257
h37,scope_3,reasoning,2,0.4743
h37,scope_3,reasoning,3,0.0
h37,domain_3,judgment,0,0.0165
h37,domain_3,judgment,1,0.4945
h37,domain_3,judgment,2,0.489
h37,domain_3,judgment,3,0.0
h37,domain_3,reasoning,0,0.0
h37,domain_3,reasoning,1,0.4724
h37,domain_3,reasoning,2,0.5276
h37,domain_3,reasoning,3,0.0
h37,auth_3,judgment,0,0.4329
h37,auth_3,judgment,1,0.1342
h37,auth_3,judgment,2,0.4329
h37,auth_3,judgment,3,0.0
h37,auth_3,reasoning,0,0.4386
h37,auth_3,reasoning,1,0.1228
h37,auth_3,reasoning,2,0.4386
h37,auth_3,reasoning,3,0.0
h37,mac_1,judgment,0,0.1978
h37,mac_1,judgment,1,0.5275
h37,mac_1,judgment,2,0.2747
h37,mac_1,judgment,3,0.0
h37,mac_1,reasoning,0,0.0963
h37,mac_1,reasoning,1,0.3556
h37,mac_1,reasoning,2,0.5481
h37,mac_1,reasoning,3,0.0
h38,mac_2,judgment,0,0.0
h38,mac_2,judgment,1,0.1277
h38,mac_2,judgment,2,0.8723
h38,mac_2,judgment,3,0.0
h38,mac_2,reasoning,0,0.2791
h38,mac_2,reasoning,1,0.1318
h38,mac_2,reasoning,2,0.5891
h38,mac_2,reasoning,3,0.0
h38,domain_1,judgment,0,0.0328
h38,domain_1,judgment,1,0.3525
h38,domain_1,judgment,2,0.6148
h38,domain_1,judgment,3,0.0
h38,domain_1,reasoning,0,0.1786
h38,domain_1,reasoning,1,0.4464
h38,domain_1,reasoning,2,0.375
h38,domain_1,reasoning,3,0.0
h38,auth_2,judgment,0,0.63
h38,auth_2,judgment,1,0.29
h38,auth_2,judgment,2,0.08
h38,auth_2,judgment,3,0.0
h38,auth_2,reasoning,0,0.4167
h38,auth_2,reasoning,1,0.0833
h38,auth_2,reasoning,2,0.0667
h38,auth_2,reasoning,3,0.4333
h38,auth_2,reasoning,4,0.0
h38,scope_1,judgment,0,0.12
h38,scope_1,judgment,1,0.83
h38,scope_1,judgment,2,0.05
h38,scope_1,judgment,3,0.0
h38,scope_1,reasoning,0,0.156
h38,scope_1,reasoning,1,0.2752
h38,scope_1,reasoning,2,0.1927
h38,scope_1,reasoning,3,0.3761
h38,scope_1,reasoning,4,0.0
h39,mac_1,judgment,0,0.4459
h39,mac_1,judgment,1,0.3694
h39,mac_1,judgment,2,0.1847
h39,mac_1,judgment,3,0.0
h39,mac_1,reasoning,0,0.4
h39,mac_1,reasoning,1,0.4
h39,mac_1,reasoning,2,0.2
h39,mac_1,reasoning,3,0.0
h39,domain_1,judgment,0,0.3023
h39,domain_1,judgment,1,0.1279
h39,domain_1,judgment,2,0.5698
h39,domain_1,judgment,3,0.0
h39,domain_1,reasoning,0,0.2963
h39,domain_1,reasoning,1,0.0617
h39,domain_1,reasoning,2,0.642
h39,domain_1,reasoning,3,0.0
h39,scope_3,judgment,0,0.0706
h39,scope_3,judgment,1,0.6
h39,scope_3,judgment,2,0.3294
h39,scope_3,judgment,3,0.0
h39,scope_3,reasoning,0,0.0842
h39,scope_3,reasoning,1,0.5684
h39,scope_3,reasoning,2,0.3474
h39,scope_3,reasoning,3,0.0
h39,auth_3,judgment,0,0.4031
h39,auth_3,judgment,1,0.2016
h39,auth_3,judgment,2,0.3953
h39,auth_3,judgment,3,0.0
h39,auth_3,reasoning,0,0.4109
h39,auth_3,reasoning,1,0.2525
h39,auth_3,reasoning,2,0.3366
h39,auth_3,reasoning,3,0.0
h40,scope_1,judgment,0,0.0
h40,scope_1,judgment,1,0.5
h40,scope_1,judgment,2,0.5
h40,scope_1,judgment,3,0.0
h40,scope_1,reasoning,0,0.0
h40,scope_1,reasoning,1,0.2491
h40,scope_1,reasoning,2,0.1352
h40,scope_1,reasoning,3,0.2847
h40,scope_1,reasoning,4,0.331
h40,auth_1,judgment,0,0.11
h40,auth_1,judgment,1,0.0
h40,auth_1,judgment,2,0.5
h40,auth_1,judgment,3,0.39
h40,auth_1,reasoning,0,0.0
h40,auth_1,reasoning,1,0.0
h40,auth_1,reasoning,2,0.4753
h40,auth_1,reasoning,3,0.0
h40,auth_1,reasoning,4,0.5247
h40,domain_1,judgment,0,0.0
h40,domain_1,judgment,1,0.7576
h40,domain_1,judgment,2,0.2424
h40,domain_1,judgment,3,0.0
h40,domain_1,reasoning,0,0.0
h40,domain_1,reasoning,1,0.5
h40,domain_1,reasoning,2,0.5
h40,domain_1,reasoning,3,0.0
h40,mac_2,judgment,0,0.0
h40,mac_2,judgment,1,0.0
h40,mac_2,judgment,2,1.0
h40,mac_2,judgment,3,0.0
h40,mac_2,reasoning,0,0.1333
h40,mac_2,reasoning,1,0.3333
h40,mac_2,reasoning,2,0.5333
h40,mac_2,reasoning,3,0.0
h41,mac_2,judgment,0,0.0
h41,mac_2,judgment,1,0.5045
h41,mac_2,judgment,2,0.4955
h41,mac_2,judgment,3,0.0
h41,mac_2,reasoning,0,0.271
h41,mac_2,reasoning,1,0.2804
h41,mac_2,reasoning,2,0.4486
h41,mac_2,reasoning,3,0.0
h41,scope_1,judgment,0,0.0
h41,scope_1,judgment,1,0.5
h41,scope_1,judgment,2,0.5
h41,scope_1,judgment,3,0.0
h41,scope_1,reasoning,0,0.0
h41,scope_1,reasoning,1,0.3717
h41,scope_1,reasoning,2,0.3717
h41,scope_1,reasoning,3,0.2565
h41,scope_1,reasoning,4,0.0
h41,auth_2,judgment,0,0.2549
h41,auth_2,judgment,1,0.2549
h41,auth_2,judgment,2,0.4902
h41,auth_2,judgment,3,0.0
h41,auth_2,reasoning,0,0.1739
h41,auth_2,reasoning,1,0.3623
h41,auth_2,reasoning,2,0.1014
h41,auth_2,reasoning,3,0.3623
h41,auth_2,reasoning,4,0.0
h41,domain_3,judgment,0,0.115
h41,domain_3,judgment,1,0.4425
h41,domain_3,judgment,2,0.4425
h41,domain_3,judgment,3,0.0
h41,domain_3,reasoning,0,0.2381
h41,domain_3,reasoning,1,0.2857
h41,domain_3,reasoning,2,0.4762
h41,domain_3,reasoning,3,0.0
h42,mac_3,judgment,0,0.0
h42,mac_3,judgment,1,0.0566
h42,mac_3,judgment,2,0.0
h42,mac_3,judgment,3,0.9434
h42,mac_3,reasoning,0,0.0
h42,mac_3,reasoning,1,0.0455
h42,mac_3,reasoning,2,0.0455
h42,mac_3,reasoning,3,0.9091
h42,scope_1,judgment,0,0.0
h42,scope_1,judgment,1,0.3333
h42,scope_1,judgment,2,0.3333
h42,scope_1,judgment,3,0.3333
h42,scope_1,reasoning,0,0.0
h42,scope_1,reasoning,1,0.1654
h42,scope_1,reasoning,2,0.3846
h42,scope_1,reasoning,3,0.0654
h42,scope_1,reasoning,4,0.3846
h42,domain_3,judgment,0,0.0
h42,domain_3,judgment,1,0.0
h42,domain_3,judgment,2,0.3197
h42,domain_3,judgment,3,0.6803
h42,domain_3,reasoning,0,0.0
h42,domain_3,reasoning,1,0.0
h42,domain_3,reasoning,2,0.1935
h42,domain_3,reasoning,3,0.8065
h42,auth_2,judgment,0,0.0
h42,auth_2,judgment,1,0.0
h42,auth_2,judgment,2,0.3333
h42,auth_2,judgment,3,0.6667
h42,auth_2,reasoning,0,0.0
h42,auth_2,reasoning,1,0.0
h42,auth_2,reasoning,2,0.0
h42,auth_2,reasoning,3,0.0
h42,auth_2,reasoning,4,1.0
h43,scope_2,judgment,0,0.2024
h43,scope_2,judgment,1,0.2105
h43,scope_2,judgment,2,0.4049
h43,scope_2,judgment,3,0.1822
h43,scope_2,reasoning,0,0.1871
h43,scope_2,reasoning,1,0.1799
h43,scope_2,reasoning,2,0.3597
h43,scope_2,reasoning,3,0.2734
h43,auth_2,judgment,0,0.2459
h43,auth_2,judgment,1,0.082
h43,auth_2,judgment,2,0.6721
h43,auth_2,judgment,3,0.0
h43,auth_2,reasoning,0,0.443
h43,auth_2,reasoning,1,0.4747
h43,auth_2,reasoning,2,0.057
h43,auth_2,reasoning,3,0.0253
h43,auth_2,reasoning,4,0.0
h43,mac_1,judgment,0,0.6897
h43,mac_1,judgment,1,0.3103
h43,mac_1,judgment,2,0.0
h43,mac_1,judgment,3,0.0
h43,mac_1,reasoning,0,0.464
h43,mac_1,reasoning,1,0.432
h43,mac_1,reasoning,2,0.104
h43,mac_1,reasoning,3,0.0
h43,domain_1,judgment,0,0.3145
h43,domain_1,judgment,1,0.1761
h43,domain_1,judgment,2,0.5094
h43,domain_1,judgment,3,0.0
h43,domain_1,reasoning,0,0.2166
h43,domain_1,reasoning,1,0.3226
h43,domain_1,reasoning,2,0.4608
h43,domain_1,reasoning,3,0.0
h44,auth_2,judgment,0,0.4083
h44,auth_2,judgment,1,0.2294
h44,auth_2,judgment,2,0.3624
h44,auth_2,judgment,3,0.0
h44,auth_2,reasoning,0,0.1456
h44,auth_2,reasoning,1,0.2913
h44,auth_2,reasoning,2,0.3981
h44,auth_2,reasoning,3,0.165
h44,auth_2,reasoning,4,0.0
h44,domain_3,judgment,0,0.2736
h44,domain_3,judgment,1,0.2972
h44,domain_3,judgment,2,0.4292
h44,domain_3,judgment,3,0.0
h44,domain_3,reasoning,0,0.4944
h44,domain_3,reasoning,1,0.2247
h44,domain_3,reasoning,2,0.2809
h44,domain_3,reasoning,3,0.0
h44,scope_3,judgment,0,0.327
h44,scope_3,judgment,1,0.2417
h44,scope_3,judgment,2,0.4313
h44,scope_3,judgment,3,0.0
h44,scope_3,reasoning,0,0.3627
h44,scope_3,reasoning,1,0.2402
h44,scope_3,reasoning,2,0.3971
h44,scope_3,reasoning,3,0.0
h44,mac_1,judgment,0,0.5389
h44,mac_1,judgment,1,0.2222
h44,mac_1,judgment,2,0.2389
h44,mac_1,judgment,3,0.0
h44,mac_1,reasoning,0,0.1608
h44,mac_1,reasoning,1,0.397
h44,mac_1,reasoning,2,0.4422
h44,mac_1,reasoning,3,0.0
h45,mac_2,judgment,0,0.0
h45,mac_2,judgment,1,0.6739
h45,mac_2,judgment,2,0.3261
h45,mac_2,judgment,3,0.0
h45,mac_2,reasoning,0,0.0
h45,mac_2,reasoning,1,0.0
h45,mac_2,reasoning,2,1.0
h45,mac_2,reasoning,3,0.0
h45,scope_1,judgment,0,0.0
h45,scope_1,judgment,1,1.0
h45,scope_1,judgment,2,0.0
h45,scope_1,judgment,3,0.0
h45,scope_1,reasoning,0,0.0
h45,scope_1,reasoning,1,0.0
h45,scope_1,reasoning,2,0.0
h45,scope_1,reasoning,3,1.0
h45,scope_1,reasoning,4,0.0
h45,auth_3,judgment,0,1.0
h45,auth_3,judgment,1,0.0
h45,auth_3,judgment,2,0.0
h45,auth_3,judgment,3,0.0
h45,auth_3,reasoning,0,0.56
h45,auth_3,reasoning,1,0.0
h45,auth_3,reasoning,2,0.44
h45,auth_3,reasoning,3,0.0
h45,domain_3,judgment,0,0.6667
h45,domain_3,judgment,1,0.0
h45,domain_3,judgment,2,0.3333
h45,domain_3,judgment,3,0.0
h45,domain_3,reasoning,0,0.3636
h45,domain_3,reasoning,1,0.0
h45,domain_3,reasoning,2,0.6364
h45,domain_3,reasoning,3,0.0
h46,scope_1,judgment,0,0.0
h46,scope_1,judgment,1,1.0
h46,scope_1,judgment,2,0.0
h46,scope_1,judgment,3,0.0
h46,scope_1,reasoning,0,0.0
h46,scope_1,reasoning,1,0.5
h46,scope_1,reasoning,2,0.0
h46,scope_1,reasoning,3,0.5
h46,scope_1,reasoning,4,0.0
h46,auth_2,judgment,0,1.0
h46,auth_2,judgment,1,0.0
h46,auth_2,judgment,2,0.0
h46,auth_2,judgment,3,0.0
h46,auth_2,reasoning,0,0.8475
h46,auth_2,reasoning,1,0.0
h46,auth_2,reasoning,2,0.1525
h46,auth_2,reasoning,3,0.0
h46,auth_2,reasoning,4,0.0
h46,domain_3,judgment,0,0.0
h46,domain_3,judgment,1,0.5806
h46,domain_3,judgment,2,0.4194
h46,domain_3,judgment,3,0.0
h46,domain_3,reasoning,0,0.3824
h46,domain_3,reasoning,1,0.4412
h46,domain_3,reasoning,2,0.1765
h46,domain_3,reasoning,3,0.0
h46,mac_1,judgment,0,0.3333
h46,mac_1,judgment,1,0.3333
h46,mac_1,judgment,2,0.3333
h46,mac_1,judgment,3,0.0
h46,mac_1,reasoning,0,0.2941
h46,mac_1,reasoning,1,0.2941
h46,mac_1,reasoning,2,0.4118
h46,mac_1,reasoning,3,0.0
h47,mac_2,judgment,0,0.0
h47,mac_2,judgment,1,0.6187
h47,mac_2,judgment,2,0.3813
h47,mac_2,judgment,3,0.0
h47,mac_2,reasoning,0,0.2172
h47,mac_2,reasoning,1,0.3937
h47,mac_2,reasoning,2,0.3891
h47,mac_2,reasoning,3,0.0
h47,auth_1,judgment,0,0.4497
h47,auth_1,judgment,1,0.0
h47,auth_1,judgment,2,0.5503
h47,auth_1,judgment,3,0.0
h47,auth_1,reasoning,0,0.5174
h47,auth_1,reasoning,1,0.0814
h47,auth_1,reasoning,2,0.4012
h47,auth_1,reasoning,3,0.0
h47,auth_1,reasoning,4,0.0
h47,scope_3,judgment,0,0.0
h47,scope_3,judgment,1,0.9219
h47,scope_3,judgment,2,0.0781
h47,scope_3,judgment,3,0.0
h47,scope_3,reasoning,0,0.0
h47,scope_3,reasoning,1,0.6644
h47,scope_3,reasoning,2,0.3356
h47,scope_3,reasoning,3,0.0
h47,domain_2,judgment,0,0.0
h47,domain_2,judgment,1,0.6667
h47,domain_2,judgment,2,0.3333
h47,domain_2,judgment,3,0.0
h47,domain_2,reasoning,0,0.0
h47,domain_2,reasoning,1,0.4908
h47,domain_2,reasoning,2,0.5092
h47,domain_2,reasoning,3,0.0
h48,scope_2,judgment,0,0.3462
h48,scope_2,judgment,1,0.0
h48,scope_2,judgment,2,0.6538
h48,scope_2,judgment,3,0.0
h48,scope_2,reasoning,0,0.0
h48,scope_2,reasoning,1,0.0
h48,scope_2,reasoning,2,1.0
h48,scope_2,reasoning,3,0.0
h48,auth_1,judgment,0,0.0
h48,auth_1,judgment,1,0.0
h48,auth_1,judgment,2,1.0
h48,auth_1,judgment,3,0.0
h48,auth_1,reasoning,0,0.3333
h48,auth_1,reasoning,1,0.0
h48,auth_1,reasoning,2,0.6667
h48,auth_1,reasoning,3,0.0
h48,auth_1,reasoning,4,0.0
h48,mac_2,judgment,0,0.0
h48,mac_2,judgment,1,0.6349
h48,mac_2,judgment,2,0.3651
h48,mac_2,judgment,3,0.0
h48,mac_2,reasoning,0,0.0
h48,mac_2,reasoning,1,0.0
h48,mac_2,reasoning,2,1.0
h48,mac_2,reasoning,3,0.0
h48,domain_1,judgment,0,0.0
h48,domain_1,judgment,1,0.6531
h48,domain_1,judgment,2,0.3469
h48,domain_1,judgment,3,0.0
h48,domain_1,reasoning,0,0.2029
h48,domain_1,reasoning,1,0.2029
h48,domain_1,reasoning,2,0.5942
h48,domain_1,reasoning,3,0.0
h49,scope_2,judgment,0,0.0
h49,scope_2,judgment,1,1.0
h49,scope_2,judgment,2,0.0
h49,scope_2,judgment,3,0.0
h49,scope_2,reasoning,0,0.0
h49,scope_2,reasoning,1,1.0
h49,scope_2,reasoning,2,0.0
h49,scope_2,reasoning,3,0.0
h49,mac_1,judgment,0,0.0
h49,mac_1,judgment,1,0.0
h49,mac_1,judgment,2,1.0
h49,mac_1,judgment,3,0.0
h49,mac_1,reasoning,0,0.3289
h49,mac_1,reasoning,1,0.3289
h49,mac_1,reasoning,2,0.3423
h49,mac_1,reasoning,3,0.0
h49,auth_3,judgment,0,0.3333
h49,auth_3,judgment,1,0.0
h49,auth_3,judgment,2,0.3333
h49,auth_3,judgment,3,0.3333
h49,auth_3,reasoning,0,0.5
h49,auth_3,reasoning,1,0.0
h49,auth_3,reasoning,2,0.5
h49,auth_3,reasoning,3,0.0
h49,domain_3,judgment,0,0.0
h49,domain_3,judgment,1,0.5
h49,domain_3,judgment,2,0.5
h49,domain_3,judgment,3,0.0
h49,domain_3,reasoning,0,0.0
h49,domain_3,reasoning,1,0.0
h49,domain_3,reasoning,2,0.5
h49,domain_3,reasoning,3,0.5
h50,domain_3,judgment,0,0.0
h50,domain_3,judgment,1,0.4188
h50,domain_3,judgment,2,0.0576
h50,domain_3,judgment,3,0.5236
h50,domain_3,reasoning,0,0.0614
h50,domain_3,reasoning,1,0.0702
h50,domain_3,reasoning,2,0.8684
h50,domain_3,reasoning,3,0.0
h50,mac_1,judgment,0,0.14
h50,mac_1,judgment,1,0.86
h50,mac_1,judgment,2,0.0
h50,mac_1,judgment,3,0.0
h50,mac_1,reasoning,0,0.0
h50,mac_1,reasoning,1,0.0
h50,mac_1,reasoning,2,0.0
h50,mac_1,reasoning,3,1.0
h50,scope_3,judgment,0,0.0
h50,scope_3,judgment,1,0.8283
h50,scope_3,judgment,2,0.1717
h50,scope_3,judgment,3,0.0
h50,scope_3,reasoning,0,0.0
h50,scope_3,reasoning,1,0.0
h50,scope_3,reasoning,2,1.0
h50,scope_3,reasoning,3,0.0
h50,auth_1,judgment,0,0.0
h50,auth_1,judgment,1,0.0
h50,auth_1,judgment,2,0.4536
h50,auth_1,judgment,3,0.5464
h50,auth_1,reasoning,0,0.4952
h50,auth_1,reasoning,1,0.0286
h50,auth_1,reasoning,2,0.4762
h50,auth_1,reasoning,3,0.0
h50,auth_1,reasoning,4,0.0
h51,scope_1,judgment,0,0.0
h51,scope_1,judgment,1,0.2126
h51,scope_1,judgment,2,0.7874
h51,scope_1,judgment,3,0.0
h51,scope_1,reasoning,0,0.0
h51,scope_1,reasoning,1,0.1415
h51,scope_1,reasoning,2,0.4878
h51,scope_1,reasoning,3,0.3707
h51,scope_1,reasoning,4,0.0
h51,domain_3,judgment,0,0.0
h51,domain_3,judgment,1,0.5
h51,domain_3,judgment,2,0.5
h51,domain_3,judgment,3,0.0
h51,domain_3,reasoning,0,0.0
h51,domain_3,reasoning,1,0.5
h51,domain_3,reasoning,2,0.5
h51,domain_3,reasoning,3,0.0
h51,auth_2,judgment,0,0.0
h51,auth_2,judgment,1,0.5
h51,auth_2,judgment,2,0.5
h51,auth_2,judgment,3,0.0
h51,auth_2,reasoning,0,0.0
h51,auth_2,reasoning,1,0.0
h51,auth_2,reasoning,2,0.0
h51,auth_2,reasoning,3,1.0
h51,auth_2,reasoning,4,0.0
h51,mac_2,judgment,0,0.0
h51,mac_2,judgment,1,0.0
h51,mac_2,judgment,2,1.0
h51,mac_2,judgment,3,0.0
h51,mac_2,reasoning,0,0.0
h51,mac_2,reasoning,1,0.5
h51,mac_2,reasoning,2,0.5
h51,mac_2,reasoning,3,0.0
h52,mac_3,judgment,0,0.0
h52,mac_3,judgment,1,0.8403
h52,mac_3,judgment,2,0.1597
h52,mac_3,judgment,3,0.0
h52,mac_3,reasoning,0,0.0
h52,mac_3,reasoning,1,0.7885
h52,mac_3,reasoning,2,0.2115
h52,mac_3,reasoning,3,0.0
h52,domain_3,judgment,0,0.3421
h52,domain_3,judgment,1,0.3289
h52,domain_3,judgment,2,0.3289
h52,domain_3,judgment,3,0.0
h52,domain_3,reasoning,0,0.7111
h52,domain_3,reasoning,1,0.0
h52,domain_3,reasoning,2,0.2889
h52,domain_3,reasoning,3,0.0
h52,auth_2,judgment,0,1.0
h52,auth_2,judgment,1,0.0
h52,auth_2,judgment,2,0.0
h52,auth_2,judgment,3,0.0
h52,auth_2,reasoning,0,0.8462
h52,auth_2,reasoning,1,0.0
h52,auth_2,reasoning,2,0.1538
h52,auth_2,reasoning,3,0.0
h52,auth_2,reasoning,4,0.0
h52,scope_3,judgment,0,0.0
h52,scope_3,judgment,1,0.2812
h52,scope_3,judgment,2,0.7188
h52,scope_3,judgment,3,0.0
h52,scope_3,reasoning,0,0.0
h52,scope_3,reasoning,1,0.7742
h52,scope_3,reasoning,2,0.2258
h52,scope_3,reasoning,3,0.0
h53,mac_2,judgment,0,0.0
h53,mac_2,judgment,1,0.0
h53,mac_2,judgment,2,1.0
h53,mac_2,judgment,3,0.0
h53,mac_2,reasoning,0,0.1111
h53,mac_2,reasoning,1,0.4444
h53,mac_2,reasoning,2,0.4444
h53,mac_2,reasoning,3,0.0
h53,domain_1,judgment,0,0.3425
h53,domain_1,judgment,1,0.3288
h53,domain_1,judgment,2,0.3288
h53,domain_1,judgment,3,0.0
h53,domain_1,reasoning,0,0.3288
h53,domain_1,reasoning,1,0.3356
h53,domain_1,reasoning,2,0.3356
h53,domain_1,reasoning,3,0.0
h53,auth_1,judgment,0,0.3357
h53,auth_1,judgment,1,0.3287
h53,auth_1,judgment,2,0.3357
h53,auth_1,judgment,3,0.0
h53,auth_1,reasoning,0,0.2439
h53,auth_1,reasoning,1,0.2439
h53,auth_1,reasoning,2,0.2537
h53,auth_1,reasoning,3,0.2585
h53,auth_1,reasoning,4,0.0
h53,scope_2,judgment,0,0.3333
h53,scope_2,judgment,1,0.3333
h53,scope_2,judgment,2,0.3333
h53,scope_2,judgment,3,0.0
h53,scope_2,reasoning,0,0.3262
h53,scope_2,reasoning,1,0.3333
h53,scope_2,reasoning,2,0.3404
h53,scope_2,reasoning,3,0.0
h54,scope_3,judgment,0,0.0539
h54,scope_3,judgment,1,0.5389
h54,scope_3,judgment,2,0.4072
h54,scope_3,judgment,3,0.0
h54,scope_3,reasoning,0,0.0123
h54,scope_3,reasoning,1,0.4938
h54,scope_3,reasoning,2,0.4938
h54,scope_3,reasoning,3,0.0
h54,auth_1,judgment,0,0.1434
h54,auth_1,judgment,1,0.1434
h54,auth_1,judgment,2,0.3456
h54,auth_1,judgment,3,0.3676
h54,auth_1,reasoning,0,0.2908
h54,auth_1,reasoning,1,0.2516
h54,auth_1,reasoning,2,0.2941
h54,auth_1,reasoning,3,0.1634
h54,auth_1,reasoning,4,0.0
h54,mac_3,judgment,0,0.0
h54,mac_3,judgment,1,0.8772
h54,mac_3,judgment,2,0.1228
h54,mac_3,judgment,3,0.0
h54,mac_3,reasoning,0,0.071
h54,mac_3,reasoning,1,0.6452
h54,mac_3,reasoning,2,0.2839
h54,mac_3,reasoning,3,0.0
h54,domain_2,judgment,0,0.0
h54,domain_2,judgment,1,0.4505
h54,domain_2,judgment,2,0.5495
h54,domain_2,judgment,3,0.0
h54,domain_2,reasoning,0,0.3402
h54,domain_2,reasoning,1,0.4149
h54,domain_2,reasoning,2,0.2448
h54,domain_2,reasoning,3,0.0
h55,domain_3,judgment,0,0.0
h55,domain_3,judgment,1,0.9091
h55,domain_3,judgment,2,0.0909
h55,domain_3,judgment,3,0.0
h55,domain_3,reasoning,0,0.0417
h55,domain_3,reasoning,1,0.3631
h55,domain_3,reasoning,2,0.5952
h55,domain_3,reasoning,3,0.0
h55,scope_1,judgment,0,0.0
h55,scope_1,judgment,1,0.5
h55,scope_1,judgment,2,0.5
h55,scope_1,judgment,3,0.0
h55,scope_1,reasoning,0,0.0
h55,scope_1,reasoning,1,0.4717
h55,scope_1,reasoning,2,0.4717
h55,scope_1,reasoning,3,0.0566
h55,scope_1,reasoning,4,0.0
h55,auth_1,judgment,0,0.2265
h55,auth_1,judgment,1,0.221
h55,auth_1,judgment,2,0.5525
h55,auth_1,judgment,3,0.0
h55,auth_1,reasoning,0,0.5
h55,auth_1,reasoning,1,0.0
h55,auth_1,reasoning,2,0.5
h55,auth_1,reasoning,3,0.0
h55,auth_1,reasoning,4,0.0
h55,mac_3,judgment,0,0.2105
h55,mac_3,judgment,1,0.3308
h55,mac_3,judgment,2,0.4586
h55,mac_3,judgment,3,0.0
h55,mac_3,reasoning,0,0.0484
h55,mac_3,reasoning,1,0.8065
h55,mac_3,reasoning,2,0.1452
h55,mac_3,reasoning,3,0.0
h56,domain_3,judgment,0,0.113
h56,domain_3,judgment,1,0.5478
h56,domain_3,judgment,2,0.3391
h56,domain_3,judgment,3,0.0
h56,domain_3,reasoning,0,0.0874
h56,domain_3,reasoning,1,0.0874
h56,domain_3,reasoning,2,0.8252
h56,domain_3,reasoning,3,0.0
h56,auth_3,judgment,0,0.3041
h56,auth_3,judgment,1,0.1111
h56,auth_3,judgment,2,0.5848
h56,auth_3,judgment,3,0.0
h56,auth_3,reasoning,0,0.4425
h56,auth_3,reasoning,1,0.115
h56,auth_3,reasoning,2,0.4425
h56,auth_3,reasoning,3,0.0
h56,mac_1,judgment,0,0.1269
h56,mac_1,judgment,1,0.1269
h56,mac_1,judgment,2,0.7463
h56,mac_1,judgment,3,0.0
h56,mac_1,reasoning,0,0.0
h56,mac_1,reasoning,1,0.0
h56,mac_1,reasoning,2,0.0
h56,mac_1,reasoning,3,1.0
h56,scope_1,judgment,0,0.1029
h56,scope_1,judgment,1,0.1103
h56,scope_1,judgment,2,0.3897
h56,scope_1,judgment,3,0.3971
h56,scope_1,reasoning,0,0.3458
h56,scope_1,reasoning,1,0.0
h56,scope_1,reasoning,2,0.3271
h56,scope_1,reasoning,3,0.3271
h56,scope_1,reasoning,4,0.0
h57,domain_3,judgment,0,0.0
h57,domain_3,judgment,1,0.6216
h57,domain_3,judgment,2,0.3784
h57,domain_3,judgment,3,0.0
h57,domain_3,reasoning,0,0.0749
h57,domain_3,reasoning,1,0.4225
h57,domain_3,reasoning,2,0.5027
h57,domain_3,reasoning,3,0.0
h57,scope_3,judgment,0,0.0
h57,scope_3,judgment,1,0.7519
h57,scope_3,judgment,2,0.2481
h57,scope_3,judgment,3,0.0
h57,scope_3,reasoning,0,0.0
h57,scope_3,reasoning,1,0.5
h57,scope_3,reasoning,2,0.5
h57,scope_3,reasoning,3,0.0
h57,mac_3,judgment,0,0.0
h57,mac_3,judgment,1,0.8929
h57,mac_3,judgment,2,0.1071
h57,mac_3,judgment,3,0.0
h57,mac_3,reasoning,0,0.0
h57,mac_3,reasoning,1,0.7692
h57,mac_3,reasoning,2,0.2308
h57,mac_3,reasoning,3,0.0
h57,auth_2,judgment,0,0.0
h57,auth_2,judgment,1,0.6579
h57,auth_2,judgment,2,0.3421
h57,auth_2,judgment,3,0.0
h57,auth_2,reasoning,0,0.0
h57,auth_2,reasoning,1,0.2248
h57,auth_2,reasoning,2,0.3876
h57,auth_2,reasoning,3,0.3876
h57,auth_2,reasoning,4,0.0
h58,auth_1,judgment,0,0.1875
h58,auth_1,judgment,1,0.0536
h58,auth_1,judgment,2,0.7589
h58,auth_1,judgment,3,0.0
h58,auth_1,reasoning,0,0.5076
h58,auth_1,reasoning,1,0.1591
h58,auth_1,reasoning,2,0.3333
h58,auth_1,reasoning,3,0.0
h58,auth_1,reasoning,4,0.0
h58,mac_1,judgment,0,0.1557
h58,mac_1,judgment,1,0.5
h58,mac_1,judgment,2,0.3443
h58,mac_1,judgment,3,0.0
h58,mac_1,reasoning,0,0.3382
h58,mac_1,reasoning,1,0.3382
h58,mac_1,reasoning,2,0.3235
h58,mac_1,reasoning,3,0.0
h58,scope_2,judgment,0,0.0465
h58,scope_2,judgment,1,0.4806
h58,scope_2,judgment,2,0.4729
h58,scope_2,judgment,3,0.0
h58,scope_2,reasoning,0,0.1194
h58,scope_2,reasoning,1,0.5373
h58,scope_2,reasoning,2,0.0
h58,scope_2,reasoning,3,0.3433
h58,domain_2,judgment,0,0.0519
h58,domain_2,judgment,1,0.4741
h58,domain_2,judgment,2,0.4741
h58,domain_2,judgment,3,0.0
h58,domain_2,reasoning,0,0.298
h58,domain_2,reasoning,1,0.3245
h58,domain_2,reasoning,2,0.3775
h58,domain_2,reasoning,3,0.0
h59,auth_1,judgment,0,0.0837
h59,auth_1,judgment,1,0.1281
h59,auth_1,judgment,2,0.2956
h59,auth_1,judgment,3,0.4926
h59,auth_1,reasoning,0,0.2857
h59,auth_1,reasoning,1,0.1726
h59,auth_1,reasoning,2,0.3155
h59,auth_1,reasoning,3,0.2262
h59,auth_1,reasoning,4,0.0
h59,domain_3,judgment,0,0.1566
h59,domain_3,judgment,1,0.3889
h59,domain_3,judgment,2,0.4545
h59,domain_3,judgment,3,0.0
h59,domain_3,reasoning,0,0.3316
h59,domain_3,reasoning,1,0.4064
h59,domain_3,reasoning,2,0.262
h59,domain_3,reasoning,3,0.0
h59,scope_1,judgment,0,0.0
h59,scope_1,judgment,1,0.0
h59,scope_1,judgment,2,1.0
h59,scope_1,judgment,3,0.0
h59,scope_1,reasoning,0,0.0
h59,scope_1,reasoning,1,0.0
h59,scope_1,reasoning,2,1.0
h59,scope_1,reasoning,3,0.0
h59,scope_1,reasoning,4,0.0
h59,mac_2,judgment,0,0.1367
h59,mac_2,judgment,1,0.2446
h59,mac_2,judgment,2,0.6187
h59,mac_2,judgment,3,0.0
h59,mac_2,reasoning,0,0.098
h59,mac_2,reasoning,1,0.4167
h59,mac_2,reasoning,2,0.4853
h59,mac_2,reasoning,3,0.0
h60,scope_3,judgment,0,0.0
h60,scope_3,judgment,1,0.7624
h60,scope_3,judgment,2,0.2376
h60,scope_3,judgment,3,0.0
h60,scope_3,reasoning,0,0.1471
h60,scope_3,reasoning,1,0.5882
h60,scope_3,reasoning,2,0.2647
h60,scope_3,reasoning,3,0.0
h60,mac_2,judgment,0,0.0
h60,mac_2,judgment,1,0.3028
h60,mac_2,judgment,2,0.6972
h60,mac_2,judgment,3,0.0
h60,mac_2,reasoning,0,0.0764
h60,mac_2,reasoning,1,0.3889
h60,mac_2,reasoning,2,0.5347
h60,mac_2,reasoning,3,0.0
h60,domain_3,judgment,0,0.2605
h60,domain_3,judgment,1,0.3782
h60,domain_3,judgment,2,0.3613
h60,domain_3,judgment,3,0.0
h60,domain_3,reasoning,0,0.0491
h60,domain_3,reasoning,1,0.0
h60,domain_3,reasoning,2,0.411
h60,domain_3,reasoning,3,0.5399
h60,auth_2,judgment,0,0.0
h60,auth_2,judgment,1,0.3056
h60,auth_2,judgment,2,0.6944
h60,auth_2,judgment,3,0.0
h60,auth_2,reasoning,0,0.1244
h60,auth_2,reasoning,1,0.0
h60,auth_2,reasoning,2,0.4129
h60,auth_2,reasoning,3,0.0
h60,auth_2,reasoning,4,0.4627
h61,mac_2,judgment,0,0.2735
h61,mac_2,judgment,1,0.3889
h61,mac_2,judgment,2,0.3376
h61,mac_2,judgment,3,0.0
h61,mac_2,reasoning,0,0.3349
h61,mac_2,reasoning,1,0.2689
h61,mac_2,reasoning,2,0.3962
h61,mac_2,reasoning,3,0.0
h61,scope_1,judgment,0,0.1887
h61,scope_1,judgment,1,0.5597
h61,scope_1,judgment,2,0.2516
h61,scope_1,judgment,3,0.0
h61,scope_1,reasoning,0,0.1659
h61,scope_1,reasoning,1,0.2166
h61,scope_1,reasoning,2,0.235
h61,scope_1,reasoning,3,0.3825
h61,scope_1,reasoning,4,0.0
h61,auth_3,judgment,0,0.4545
h61,auth_3,judgment,1,0.3636
h61,auth_3,judgment,2,0.1818
h61,auth_3,judgment,3,0.0
h61,auth_3,reasoning,0,0.4202
h61,auth_3,reasoning,1,0.2605
h61,auth_3,reasoning,2,0.3193
h61,auth_3,reasoning,3,0.0
h61,domain_3,judgment,0,0.28
h61,domain_3,judgment,1,0.2133
h61,domain_3,judgment,2,0.5067
h61,domain_3,judgment,3,0.0
h61,domain_3,reasoning,0,0.1967
h61,domain_3,reasoning,1,0.3279
h61,domain_3,reasoning,2,0.4754
h61,domain_3,reasoning,3,0.0
h62,domain_1,judgment,0,0.0192
h62,domain_1,judgment,1,0.3846
h62,domain_1,judgment,2,0.2654
h62,domain_1,judgment,3,0.3308
h62,domain_1,reasoning,0,0.1983
h62,domain_1,reasoning,1,0.3884
h62,domain_1,reasoning,2,0.4132
h62,domain_1,reasoning,3,0.0
h62,auth_1,judgment,0,0.0833
h62,auth_1,judgment,1,0.3188
h62,auth_1,judgment,2,0.3623
h62,auth_1,judgment,3,0.2355
h62,auth_1,reasoning,0,0.3285
h62,auth_1,reasoning,1,0.3066
h62,auth_1,reasoning,2,0.365
h62,auth_1,reasoning,3,0.0
h62,auth_1,reasoning,4,0.0
h62,mac_1,judgment,0,0.0
h62,mac_1,judgment,1,0.3421
h62,mac_1,judgment,2,0.6579
h62,mac_1,judgment,3,0.0
h62,mac_1,reasoning,0,0.1046
h62,mac_1,reasoning,1,0.2418
h62,mac_1,reasoning,2,0.0
h62,mac_1,reasoning,3,0.6536
h62,scope_3,judgment,0,0.0
h62,scope_3,judgment,1,0.9346
h62,scope_3,judgment,2,0.0654
h62,scope_3,judgment,3,0.0
h62,scope_3,reasoning,0,0.0521
h62,scope_3,reasoning,1,0.4739
h62,scope_3,reasoning,2,0.4739
h62,scope_3,reasoning,3,0.0
h63,mac_3,judgment,0,0.098
h63,mac_3,judgment,1,0.5294
h63,mac_3,judgment,2,0.3725
h63,mac_3,judgment,3,0.0
h63,mac_3,reasoning,0,0.0696
h63,mac_3,reasoning,1,0.487
h63,mac_3,reasoning,2,0.4435
h63,mac_3,reasoning,3,0.0
h63,domain_1,judgment,0,0.1075
h63,domain_1,judgment,1,0.5914
h63,domain_1,judgment,2,0.3011
h63,domain_1,judgment,3,0.0
h63,domain_1,reasoning,0,0.193
h63,domain_1,reasoning,1,0.5526
h63,domain_1,reasoning,2,0.2544
h63,domain_1,reasoning,3,0.0
h63,auth_2,judgment,0,0.8738
h63,auth_2,judgment,1,0.0194
h63,auth_2,judgment,2,0.1068
h63,auth_2,judgment,3,0.0
h63,auth_2,reasoning,0,0.4359
h63,auth_2,reasoning,1,0.0598
h63,auth_2,reasoning,2,0.4701
h63,auth_2,reasoning,3,0.0342
h63,auth_2,reasoning,4,0.0
h63,scope_1,judgment,0,0.0769
h63,scope_1,judgment,1,0.6769
h63,scope_1,judgment,2,0.2462
h63,scope_1,judgment,3,0.0
h63,scope_1,reasoning,0,0.0309
h63,scope_1,reasoning,1,0.4938
h63,scope_1,reasoning,2,0.1235
h63,scope_1,reasoning,3,0.3519
h63,scope_1,reasoning,4,0.0
h64,auth_1,judgment,0,0.225
h64,auth_1,judgment,1,0.425
h64,auth_1,judgment,2,0.35
h64,auth_1,judgment,3,0.0
h64,auth_1,reasoning,0,0.2346
h64,auth_1,reasoning,1,0.1975
h64,auth_1,reasoning,2,0.2531
h64,auth_1,reasoning,3,0.3148
h64,auth_1,reasoning,4,0.0
h64,scope_3,judgment,0,0.4034
h64,scope_3,judgment,1,0.042
h64,scope_3,judgment,2,0.5546
h64,scope_3,judgment,3,0.0
h64,scope_3,reasoning,0,0.6986
h64,scope_3,reasoning,1,0.2329
h64,scope_3,reasoning,2,0.0685
h64,scope_3,reasoning,3,0.0
h64,domain_2,judgment,0,0.1648
h64,domain_2,judgment,1,0.267
h64,domain_2,judgment,2,0.5682
h64,domain_2,judgment,3,0.0
h64,domain_2,reasoning,0,0.3293
h64,domain_2,reasoning,1,0.3598
h64,domain_2,reasoning,2,0.311
h64,domain_2,reasoning,3,0.0
h64,mac_3,judgment,0,0.1597
h64,mac_3,judgment,1,0.6639
h64,mac_3,judgment,2,0.1765
h64,mac_3,judgment,3,0.0
h64,mac_3,reasoning,0,0.1181
h64,mac_3,reasoning,1,0.5
h64,mac_3,reasoning,2,0.3819
h64,mac_3,reasoning,3,0.0
h65,mac_3,judgment,0,0.0943
h65,mac_3,judgment,1,0.5094
h65,mac_3,judgment,2,0.3962
h65,mac_3,judgment,3,0.0
h65,mac_3,reasoning,0,0.4823
h65,mac_3,reasoning,1,0.1986
h65,mac_3,reasoning,2,0.3191
h65,mac_3,reasoning,3,0.0
h65,scope_1,judgment,0,0.2469
h65,scope_1,judgment,1,0.7531
h65,scope_1,judgment,2,0.0
h65,scope_1,judgment,3,0.0
h65,scope_1,reasoning,0,0.1694
h65,scope_1,reasoning,1,0.5887
h65,scope_1,reasoning,2,0.0
h65,scope_1,reasoning,3,0.2419
h65,scope_1,reasoning,4,0.0
h65,domain_2,judgment,0,0.0
h65,domain_2,judgment,1,0.6972
h65,domain_2,judgment,2,0.3028
h65,domain_2,judgment,3,0.0
h65,domain_2,reasoning,0,0.4109
h65,domain_2,reasoning,1,0.155
h65,domain_2,reasoning,2,0.4341
h65,domain_2,reasoning,3,0.0
h65,auth_1,judgment,0,0.191
h65,auth_1,judgment,1,0.191
h65,auth_1,judgment,2,0.618
h65,auth_1,judgment,3,0.0
h65,auth_1,reasoning,0,0.4183
h65,auth_1,reasoning,1,0.1503
h65,auth_1,reasoning,2,0.4314
h65,auth_1,reasoning,3,0.0
h65,auth_1,reasoning,4,0.0
h66,domain_1,judgment,0,0.1393
h66,domain_1,judgment,1,0.1475
h66,domain_1,judgment,2,0.7131
h66,domain_1,judgment,3,0.0
h66,domain_1,reasoning,0,0.0688
h66,domain_1,reasoning,1,0.3063
h66,domain_1,reasoning,2,0.625
h66,domain_1,reasoning,3,0.0
h66,auth_2,judgment,0,0.5843
h66,auth_2,judgment,1,0.0
h66,auth_2,judgment,2,0.4157
h66,auth_2,judgment,3,0.0
h66,auth_2,reasoning,0,0.3726
h66,auth_2,reasoning,1,0.1085
h66,auth_2,reasoning,2,0.4717
h66,auth_2,reasoning,3,0.0472
h66,auth_2,reasoning,4,0.0
h66,mac_3,judgment,0,0.0
h66,mac_3,judgment,1,1.0
h66,mac_3,judgment,2,0.0
h66,mac_3,judgment,3,0.0
h66,mac_3,reasoning,0,0.0367
h66,mac_3,reasoning,1,0.8807
h66,mac_3,reasoning,2,0.0826
h66,mac_3,reasoning,3,0.0
h66,scope_2,judgment,0,0.0
h66,scope_2,judgment,1,0.8475
h66,scope_2,judgment,2,0.1525
h66,scope_2,judgment,3,0.0
h66,scope_2,reasoning,0,0.105
h66,scope_2,reasoning,1,0.395
h66,scope_2,reasoning,2,0.5
h66,scope_2,reasoning,3,0.0
h67,mac_1,judgment,0,0.5903
h67,mac_1,judgment,1,0.1181
h67,mac_1,judgment,2,0.2917
h67,mac_1,judgment,3,0.0
h67,mac_1,reasoning,0,0.4956
h67,mac_1,reasoning,1,0.3274
h67,mac_1,reasoning,2,0.177
h67,mac_1,reasoning,3,0.0
h67,scope_1,judgment,0,0.0896
h67,scope_1,judgment,1,0.6045
h67,scope_1,judgment,2,0.306
h67,scope_1,judgment,3,0.0
h67,scope_1,reasoning,0,0.0636
h67,scope_1,reasoning,1,0.474
h67,scope_1,reasoning,2,0.2717
h67,scope_1,reasoning,3,0.1908
h67,scope_1,reasoning,4,0.0
h67,domain_2,judgment,0,0.1811
h67,domain_2,judgment,1,0.3307
h67,domain_2,judgment,2,0.4882
h67,domain_2,judgment,3,0.0
h67,domain_2,reasoning,0,0.1473
h67,domain_2,reasoning,1,0.5271
h67,domain_2,reasoning,2,0.3256
h67,domain_2,reasoning,3,0.0
h67,auth_2,judgment,0,0.4505
h67,auth_2,judgment,1,0.1802
h67,auth_2,judgment,2,0.3694
h67,auth_2,judgment,3,0.0
h67,auth_2,reasoning,0,0.4514
h67,auth_2,reasoning,1,0.2153
h67,auth_2,reasoning,2,0.1736
h67,auth_2,reasoning,3,0.1597
h67,auth_2,reasoning,4,0.0
h68,scope_2,judgment,0,0.1105
h68,scope_2,judgment,1,0.3314
h68,scope_2,judgment,2,0.5581
h68,scope_2,judgment,3,0.0
h68,scope_2,reasoning,0,0.1389
h68,scope_2,reasoning,1,0.2685
h68,scope_2,reasoning,2,0.5926
h68,scope_2,reasoning,3,0.0
h68,mac_3,judgment,0,0.0
h68,mac_3,judgment,1,0.5217
h68,mac_3,judgment,2,0.4783
h68,mac_3,judgment,3,0.0
h68,mac_3,reasoning,0,0.0
h68,mac_3,reasoning,1,0.5091
h68,mac_3,reasoning,2,0.4909
h68,mac_3,reasoning,3,0.0
h68,domain_1,judgment,0,0.1532
h68,domain_1,judgment,1,0.3226
h68,domain_1,judgment,2,0.5242
h68,domain_1,judgment,3,0.0
h68,domain_1,reasoning,0,0.069
h68,domain_1,reasoning,1,0.2414
h68,domain_1,reasoning,2,0.2621
h68,domain_1,reasoning,3,0.4276
h68,auth_3,judgment,0,0.3032
h68,auth_3,judgment,1,0.1484
h68,auth_3,judgment,2,0.5484
h68,auth_3,judgment,3,0.0
h68,auth_3,reasoning,0,0.3421
h68,auth_3,reasoning,1,0.2697
h68,auth_3,reasoning,2,0.3882
h68,auth_3,reasoning,3,0.0
